ts_ms,metric_group,metric_name,metric_numeric_value,metric_text,labels
1779380200058,runtime,uptime_seconds,0.068,,{}
1779380200058,runtime,runtime_profile,,dry_run,{}
1779380200058,runtime,process_start_ts,1779380199.0,,{}
1779380200058,runtime,process_start_ts_ms,1779380199990.0,,{}
1779380200058,runtime,pid,42431.0,,{}
1779380200058,runtime,heartbeat_age_seconds,0.0,,{}
1779380200058,market_data,ws_connected,0.0,,{}
1779380200058,market_data,ws_disconnect_count,0.0,,{}
1779380200058,market_data,poll_ok,0.0,,{}
1779380200058,market_data,poll_err,0.0,,{}
1779380200058,market_data,poll_backoff_s,0.0,,{}
1779380200058,market_data,active_symbols,0.0,,{}
1779380200058,market_data,ready_symbols,0.0,,{}
1779380200058,market_data,ready_symbol_list,,,"{""value_json"": ""[]""}"
1779380200058,market_data,stale_symbols,,,"{""value_json"": ""[]""}"
1779380200058,market_data,stale_global,0.0,,{}
1779380200058,ml,feature_updates,0.0,,{}
1779380200058,ml,prediction_count,0.0,,{}
1779380200058,ml,candidate_count,0.0,,{}
1779380200058,ml,ranking_count,0.0,,{}
1779380200058,ml,signal_count,0.0,,{}
1779380200058,ml,inference_failures,0.0,,{}
1779380200058,ml,fallback_predictions,0.0,,{}
1779380200058,ml,last_refresh_ts_ms,,,{}
1779380200058,ml,last_ranking_ts_ms,,,{}
1779380200058,ml,top_symbols,,,"{""value_json"": ""[]""}"
1779380200058,ml,shadow_prediction_count,0.0,,{}
1779380200058,ml,shadow_candidate_count,0.0,,{}
1779380200058,ml,shadow_signal_count,0.0,,{}
1779380200058,ml,shadow_would_trade_count,0.0,,{}
1779380200058,ml,shadow_blocked_execution_count,0.0,,{}
1779380200058,ml,parity_check_count,0.0,,{}
1779380200058,ml,parity_failure_count,0.0,,{}
1779380200058,execution,fills,0.0,,{}
1779380200058,execution,open_positions,0.0,,{}
1779380200058,execution,exposure,0.0,,{}
1779380200058,execution,realized_pnl,0.0,,{}
1779380200058,execution,unrealized_pnl,0.0,,{}
1779380200058,execution,equity,100.0,,{}
1779380200058,execution,cash,100.0,,{}
1779380200058,execution,rejected_orders,0.0,,{}
1779380200058,execution,open_orders,0.0,,{}
1779380200058,execution,broker_realized_pnl,0.0,,{}
1779380200058,execution,broker_trades,0.0,,{}
1779380200058,execution,broker_wins,0.0,,{}
1779380200058,execution,broker_losses,0.0,,{}
1779380200058,execution,broker_win_rate,0.0,,{}
1779380200058,execution,broker_avg_hold_s,0.0,,{}
1779380200058,execution,broker_current_losing_streak,0.0,,{}
1779380200058,execution,broker_worst_losing_streak,0.0,,{}
1779380200058,execution,broker_open_orders,0.0,,{}
1779380200058,execution,broker_broker_mode,,live_alpaca,{}
1779380200058,safety,safe_mode,0.0,,{}
1779380200058,safety,kill_switch,0.0,,{}
1779380200058,safety,runtime_health_status,,OK,{}
1779380200058,safety,api_errors,0.0,,{}
1779380200058,safety,order_rejections,0.0,,{}
1779380200058,safety,stale_data_violations,0.0,,{}
1779380200058,safety,health_messages,,,"{""value_json"": ""[]""}"
1779380200058,system,rss_memory_mb,73.68,,{}
1779380200058,system,thread_count,1.0,,{}
1779380200058,system,sqlite_size_mb,1880.43,,{}
1779380529590,runtime,uptime_seconds,0.066,,{}
1779380529590,runtime,runtime_profile,,dry_run,{}
1779380529590,runtime,process_start_ts,1779380529.0,,{}
1779380529590,runtime,process_start_ts_ms,1779380529524.0,,{}
1779380529590,runtime,pid,42498.0,,{}
1779380529590,runtime,heartbeat_age_seconds,0.001,,{}
1779380529590,market_data,ws_connected,0.0,,{}
1779380529590,market_data,ws_disconnect_count,0.0,,{}
1779380529590,market_data,poll_ok,0.0,,{}
1779380529590,market_data,poll_err,0.0,,{}
1779380529590,market_data,poll_backoff_s,0.0,,{}
1779380529590,market_data,active_symbols,0.0,,{}
1779380529590,market_data,ready_symbols,0.0,,{}
1779380529590,market_data,ready_symbol_list,,,"{""value_json"": ""[]""}"
1779380529590,market_data,stale_symbols,,,"{""value_json"": ""[]""}"
1779380529590,market_data,stale_global,0.0,,{}
1779380529590,ml,feature_updates,0.0,,{}
1779380529590,ml,prediction_count,0.0,,{}
1779380529590,ml,candidate_count,0.0,,{}
1779380529590,ml,ranking_count,0.0,,{}
1779380529590,ml,signal_count,0.0,,{}
1779380529590,ml,inference_failures,0.0,,{}
1779380529590,ml,fallback_predictions,0.0,,{}
1779380529590,ml,last_refresh_ts_ms,,,{}
1779380529590,ml,last_ranking_ts_ms,,,{}
1779380529590,ml,top_symbols,,,"{""value_json"": ""[]""}"
1779380529590,ml,shadow_prediction_count,0.0,,{}
1779380529590,ml,shadow_candidate_count,0.0,,{}
1779380529590,ml,shadow_signal_count,0.0,,{}
1779380529590,ml,shadow_would_trade_count,0.0,,{}
1779380529590,ml,shadow_blocked_execution_count,0.0,,{}
1779380529590,ml,parity_check_count,0.0,,{}
1779380529590,ml,parity_failure_count,0.0,,{}
1779380529590,execution,fills,0.0,,{}
1779380529590,execution,open_positions,0.0,,{}
1779380529590,execution,exposure,0.0,,{}
1779380529590,execution,realized_pnl,0.0,,{}
1779380529590,execution,unrealized_pnl,0.0,,{}
1779380529590,execution,equity,100.0,,{}
1779380529590,execution,cash,100.0,,{}
1779380529590,execution,rejected_orders,0.0,,{}
1779380529590,execution,open_orders,0.0,,{}
1779380529590,execution,broker_realized_pnl,0.0,,{}
1779380529590,execution,broker_trades,0.0,,{}
1779380529590,execution,broker_wins,0.0,,{}
1779380529590,execution,broker_losses,0.0,,{}
1779380529590,execution,broker_win_rate,0.0,,{}
1779380529590,execution,broker_avg_hold_s,0.0,,{}
1779380529590,execution,broker_current_losing_streak,0.0,,{}
1779380529590,execution,broker_worst_losing_streak,0.0,,{}
1779380529590,execution,broker_open_orders,0.0,,{}
1779380529590,execution,broker_broker_mode,,live_alpaca,{}
1779380529590,safety,safe_mode,0.0,,{}
1779380529590,safety,kill_switch,0.0,,{}
1779380529590,safety,runtime_health_status,,OK,{}
1779380529590,safety,api_errors,0.0,,{}
1779380529590,safety,order_rejections,0.0,,{}
1779380529590,safety,stale_data_violations,0.0,,{}
1779380529590,safety,health_messages,,,"{""value_json"": ""[]""}"
1779380529590,system,rss_memory_mb,73.426,,{}
1779380529590,system,thread_count,1.0,,{}
1779380529590,system,sqlite_size_mb,1880.454,,{}
1779380544611,runtime,uptime_seconds,15.087,,{}
1779380544611,runtime,runtime_profile,,dry_run,{}
1779380544611,runtime,process_start_ts,1779380529.0,,{}
1779380544611,runtime,process_start_ts_ms,1779380529524.0,,{}
1779380544611,runtime,pid,42498.0,,{}
1779380544611,runtime,heartbeat_age_seconds,5.006,,{}
1779380544611,market_data,ws_connected,0.0,,{}
1779380544611,market_data,ws_disconnect_count,0.0,,{}
1779380544611,market_data,poll_ok,35.0,,{}
1779380544611,market_data,poll_err,0.0,,{}
1779380544611,market_data,poll_backoff_s,0.0,,{}
1779380544611,market_data,active_symbols,3.0,,{}
1779380544611,market_data,ready_symbols,0.0,,{}
1779380544611,market_data,ready_symbol_list,,,"{""value_json"": ""[]""}"
1779380544611,market_data,stale_symbols,,,"{""value_json"": ""[]""}"
1779380544611,market_data,stale_global,0.0,,{}
1779380544611,ml,feature_updates,29.0,,{}
1779380544611,ml,prediction_count,0.0,,{}
1779380544611,ml,candidate_count,0.0,,{}
1779380544611,ml,ranking_count,0.0,,{}
1779380544611,ml,signal_count,0.0,,{}
1779380544611,ml,inference_failures,0.0,,{}
1779380544611,ml,fallback_predictions,0.0,,{}
1779380544611,ml,last_refresh_ts_ms,,,{}
1779380544611,ml,last_ranking_ts_ms,,,{}
1779380544611,ml,top_symbols,,,"{""value_json"": ""[]""}"
1779380544611,ml,shadow_prediction_count,0.0,,{}
1779380544611,ml,shadow_candidate_count,0.0,,{}
1779380544611,ml,shadow_signal_count,0.0,,{}
1779380544611,ml,shadow_would_trade_count,0.0,,{}
1779380544611,ml,shadow_blocked_execution_count,0.0,,{}
1779380544611,ml,parity_check_count,0.0,,{}
1779380544611,ml,parity_failure_count,0.0,,{}
1779380544611,execution,fills,0.0,,{}
1779380544611,execution,open_positions,0.0,,{}
1779380544611,execution,exposure,0.0,,{}
1779380544611,execution,realized_pnl,0.0,,{}
1779380544611,execution,unrealized_pnl,0.0,,{}
1779380544611,execution,equity,100.0,,{}
1779380544611,execution,cash,100.0,,{}
1779380544611,execution,rejected_orders,0.0,,{}
1779380544611,execution,open_orders,0.0,,{}
1779380544611,execution,broker_realized_pnl,0.0,,{}
1779380544611,execution,broker_trades,0.0,,{}
1779380544611,execution,broker_wins,0.0,,{}
1779380544611,execution,broker_losses,0.0,,{}
1779380544611,execution,broker_win_rate,0.0,,{}
1779380544611,execution,broker_avg_hold_s,0.0,,{}
1779380544611,execution,broker_current_losing_streak,0.0,,{}
1779380544611,execution,broker_worst_losing_streak,0.0,,{}
1779380544611,execution,broker_open_orders,0.0,,{}
1779380544611,execution,broker_broker_mode,,live_alpaca,{}
1779380544611,safety,safe_mode,0.0,,{}
1779380544611,safety,kill_switch,0.0,,{}
1779380544611,safety,runtime_health_status,,OK,{}
1779380544611,safety,api_errors,0.0,,{}
1779380544611,safety,order_rejections,0.0,,{}
1779380544611,safety,stale_data_violations,0.0,,{}
1779380544611,safety,health_messages,,,"{""value_json"": ""[]""}"
1779380544611,system,rss_memory_mb,80.75,,{}
1779380544611,system,thread_count,2.0,,{}
1779380544611,system,sqlite_size_mb,1881.231,,{}
1779380559626,runtime,uptime_seconds,30.103,,{}
1779380559626,runtime,runtime_profile,,dry_run,{}
1779380559626,runtime,process_start_ts,1779380529.0,,{}
1779380559626,runtime,process_start_ts_ms,1779380529524.0,,{}
1779380559626,runtime,pid,42498.0,,{}
1779380559626,runtime,heartbeat_age_seconds,0.0,,{}
1779380559626,market_data,ws_connected,0.0,,{}
1779380559626,market_data,ws_disconnect_count,0.0,,{}
1779380559626,market_data,poll_ok,68.0,,{}
1779380559626,market_data,poll_err,0.0,,{}
1779380559626,market_data,poll_backoff_s,0.0,,{}
1779380559626,market_data,active_symbols,3.0,,{}
1779380559626,market_data,ready_symbols,0.0,,{}
1779380559626,market_data,ready_symbol_list,,,"{""value_json"": ""[]""}"
1779380559626,market_data,stale_symbols,,,"{""value_json"": ""[]""}"
1779380559626,market_data,stale_global,0.0,,{}
1779380559626,ml,feature_updates,62.0,,{}
1779380559626,ml,prediction_count,0.0,,{}
1779380559626,ml,candidate_count,0.0,,{}
1779380559626,ml,ranking_count,0.0,,{}
1779380559626,ml,signal_count,0.0,,{}
1779380559626,ml,inference_failures,0.0,,{}
1779380559626,ml,fallback_predictions,0.0,,{}
1779380559626,ml,last_refresh_ts_ms,,,{}
1779380559626,ml,last_ranking_ts_ms,,,{}
1779380559626,ml,top_symbols,,,"{""value_json"": ""[]""}"
1779380559626,ml,shadow_prediction_count,0.0,,{}
1779380559626,ml,shadow_candidate_count,0.0,,{}
1779380559626,ml,shadow_signal_count,0.0,,{}
1779380559626,ml,shadow_would_trade_count,0.0,,{}
1779380559626,ml,shadow_blocked_execution_count,0.0,,{}
1779380559626,ml,parity_check_count,0.0,,{}
1779380559626,ml,parity_failure_count,0.0,,{}
1779380559626,execution,fills,0.0,,{}
1779380559626,execution,open_positions,0.0,,{}
1779380559626,execution,exposure,0.0,,{}
1779380559626,execution,realized_pnl,0.0,,{}
1779380559626,execution,unrealized_pnl,0.0,,{}
1779380559626,execution,equity,100.0,,{}
1779380559626,execution,cash,100.0,,{}
1779380559626,execution,rejected_orders,0.0,,{}
1779380559626,execution,open_orders,0.0,,{}
1779380559626,execution,broker_realized_pnl,0.0,,{}
1779380559626,execution,broker_trades,0.0,,{}
1779380559626,execution,broker_wins,0.0,,{}
1779380559626,execution,broker_losses,0.0,,{}
1779380559626,execution,broker_win_rate,0.0,,{}
1779380559626,execution,broker_avg_hold_s,0.0,,{}
1779380559626,execution,broker_current_losing_streak,0.0,,{}
1779380559626,execution,broker_worst_losing_streak,0.0,,{}
1779380559626,execution,broker_open_orders,0.0,,{}
1779380559626,execution,broker_broker_mode,,live_alpaca,{}
1779380559626,safety,safe_mode,0.0,,{}
1779380559626,safety,kill_switch,0.0,,{}
1779380559626,safety,runtime_health_status,,OK,{}
1779380559626,safety,api_errors,0.0,,{}
1779380559626,safety,order_rejections,0.0,,{}
1779380559626,safety,stale_data_violations,0.0,,{}
1779380559626,safety,health_messages,,,"{""value_json"": ""[]""}"
1779380559626,system,rss_memory_mb,81.465,,{}
1779380559626,system,thread_count,2.0,,{}
1779380559626,system,sqlite_size_mb,1881.99,,{}
1779380574641,runtime,uptime_seconds,45.117,,{}
1779380574641,runtime,runtime_profile,,dry_run,{}
1779380574641,runtime,process_start_ts,1779380529.0,,{}
1779380574641,runtime,process_start_ts_ms,1779380529524.0,,{}
1779380574641,runtime,pid,42498.0,,{}
1779380574641,runtime,heartbeat_age_seconds,5.003,,{}
1779380574641,market_data,ws_connected,0.0,,{}
1779380574641,market_data,ws_disconnect_count,0.0,,{}
1779380574641,market_data,poll_ok,103.0,,{}
1779380574641,market_data,poll_err,0.0,,{}
1779380574641,market_data,poll_backoff_s,0.0,,{}
1779380574641,market_data,active_symbols,3.0,,{}
1779380574641,market_data,ready_symbols,0.0,,{}
1779380574641,market_data,ready_symbol_list,,,"{""value_json"": ""[]""}"
1779380574641,market_data,stale_symbols,,,"{""value_json"": ""[]""}"
1779380574641,market_data,stale_global,0.0,,{}
1779380574641,ml,feature_updates,97.0,,{}
1779380574641,ml,prediction_count,0.0,,{}
1779380574641,ml,candidate_count,0.0,,{}
1779380574641,ml,ranking_count,0.0,,{}
1779380574641,ml,signal_count,0.0,,{}
1779380574641,ml,inference_failures,0.0,,{}
1779380574641,ml,fallback_predictions,0.0,,{}
1779380574641,ml,last_refresh_ts_ms,,,{}
1779380574641,ml,last_ranking_ts_ms,,,{}
1779380574641,ml,top_symbols,,,"{""value_json"": ""[]""}"
1779380574641,ml,shadow_prediction_count,0.0,,{}
1779380574641,ml,shadow_candidate_count,0.0,,{}
1779380574641,ml,shadow_signal_count,0.0,,{}
1779380574641,ml,shadow_would_trade_count,0.0,,{}
1779380574641,ml,shadow_blocked_execution_count,0.0,,{}
1779380574641,ml,parity_check_count,0.0,,{}
1779380574641,ml,parity_failure_count,0.0,,{}
1779380574641,execution,fills,0.0,,{}
1779380574641,execution,open_positions,0.0,,{}
1779380574641,execution,exposure,0.0,,{}
1779380574641,execution,realized_pnl,0.0,,{}
1779380574641,execution,unrealized_pnl,0.0,,{}
1779380574641,execution,equity,100.0,,{}
1779380574641,execution,cash,100.0,,{}
1779380574641,execution,rejected_orders,0.0,,{}
1779380574641,execution,open_orders,0.0,,{}
1779380574641,execution,broker_realized_pnl,0.0,,{}
1779380574641,execution,broker_trades,0.0,,{}
1779380574641,execution,broker_wins,0.0,,{}
1779380574641,execution,broker_losses,0.0,,{}
1779380574641,execution,broker_win_rate,0.0,,{}
1779380574641,execution,broker_avg_hold_s,0.0,,{}
1779380574641,execution,broker_current_losing_streak,0.0,,{}
1779380574641,execution,broker_worst_losing_streak,0.0,,{}
1779380574641,execution,broker_open_orders,0.0,,{}
1779380574641,execution,broker_broker_mode,,live_alpaca,{}
1779380574641,safety,safe_mode,0.0,,{}
1779380574641,safety,kill_switch,0.0,,{}
1779380574641,safety,runtime_health_status,,OK,{}
1779380574641,safety,api_errors,0.0,,{}
1779380574641,safety,order_rejections,0.0,,{}
1779380574641,safety,stale_data_violations,0.0,,{}
1779380574641,safety,health_messages,,,"{""value_json"": ""[]""}"
1779380574641,system,rss_memory_mb,82.859,,{}
1779380574641,system,thread_count,2.0,,{}
1779380574641,system,sqlite_size_mb,1882.795,,{}
1779380589748,runtime,uptime_seconds,60.224,,{}
1779380589748,runtime,runtime_profile,,dry_run,{}
1779380589748,runtime,process_start_ts,1779380529.0,,{}
1779380589748,runtime,process_start_ts_ms,1779380529524.0,,{}
1779380589748,runtime,pid,42498.0,,{}
1779380589748,runtime,heartbeat_age_seconds,0.001,,{}
1779380589748,market_data,ws_connected,0.0,,{}
1779380589748,market_data,ws_disconnect_count,0.0,,{}
1779380589748,market_data,poll_ok,134.0,,{}
1779380589748,market_data,poll_err,0.0,,{}
1779380589748,market_data,poll_backoff_s,0.0,,{}
1779380589748,market_data,active_symbols,3.0,,{}
1779380589748,market_data,ready_symbols,0.0,,{}
1779380589748,market_data,ready_symbol_list,,,"{""value_json"": ""[]""}"
1779380589748,market_data,stale_symbols,,,"{""value_json"": ""[]""}"
1779380589748,market_data,stale_global,0.0,,{}
1779380589748,ml,feature_updates,128.0,,{}
1779380589748,ml,prediction_count,0.0,,{}
1779380589748,ml,candidate_count,0.0,,{}
1779380589748,ml,ranking_count,0.0,,{}
1779380589748,ml,signal_count,0.0,,{}
1779380589748,ml,inference_failures,0.0,,{}
1779380589748,ml,fallback_predictions,0.0,,{}
1779380589748,ml,last_refresh_ts_ms,,,{}
1779380589748,ml,last_ranking_ts_ms,,,{}
1779380589748,ml,top_symbols,,,"{""value_json"": ""[]""}"
1779380589748,ml,shadow_prediction_count,0.0,,{}
1779380589748,ml,shadow_candidate_count,0.0,,{}
1779380589748,ml,shadow_signal_count,0.0,,{}
1779380589748,ml,shadow_would_trade_count,0.0,,{}
1779380589748,ml,shadow_blocked_execution_count,0.0,,{}
1779380589748,ml,parity_check_count,0.0,,{}
1779380589748,ml,parity_failure_count,0.0,,{}
1779380589748,execution,fills,0.0,,{}
1779380589748,execution,open_positions,0.0,,{}
1779380589748,execution,exposure,0.0,,{}
1779380589748,execution,realized_pnl,0.0,,{}
1779380589748,execution,unrealized_pnl,0.0,,{}
1779380589748,execution,equity,100.0,,{}
1779380589748,execution,cash,100.0,,{}
1779380589748,execution,rejected_orders,0.0,,{}
1779380589748,execution,open_orders,0.0,,{}
1779380589748,execution,broker_realized_pnl,0.0,,{}
1779380589748,execution,broker_trades,0.0,,{}
1779380589748,execution,broker_wins,0.0,,{}
1779380589748,execution,broker_losses,0.0,,{}
1779380589748,execution,broker_win_rate,0.0,,{}
1779380589748,execution,broker_avg_hold_s,0.0,,{}
1779380589748,execution,broker_current_losing_streak,0.0,,{}
1779380589748,execution,broker_worst_losing_streak,0.0,,{}
1779380589748,execution,broker_open_orders,0.0,,{}
1779380589748,execution,broker_broker_mode,,live_alpaca,{}
1779380589748,safety,safe_mode,0.0,,{}
1779380589748,safety,kill_switch,0.0,,{}
1779380589748,safety,runtime_health_status,,OK,{}
1779380589748,safety,api_errors,0.0,,{}
1779380589748,safety,order_rejections,0.0,,{}
1779380589748,safety,stale_data_violations,0.0,,{}
1779380589748,safety,health_messages,,,"{""value_json"": ""[]""}"
1779380589748,system,rss_memory_mb,84.066,,{}
1779380589748,system,thread_count,2.0,,{}
1779380589748,system,sqlite_size_mb,1883.53,,{}
1779380604767,runtime,uptime_seconds,75.243,,{}
1779380604767,runtime,runtime_profile,,dry_run,{}
1779380604767,runtime,process_start_ts,1779380529.0,,{}
1779380604767,runtime,process_start_ts_ms,1779380529524.0,,{}
1779380604767,runtime,pid,42498.0,,{}
1779380604767,runtime,heartbeat_age_seconds,5.006,,{}
1779380604767,market_data,ws_connected,0.0,,{}
1779380604767,market_data,ws_disconnect_count,0.0,,{}
1779380604767,market_data,poll_ok,170.0,,{}
1779380604767,market_data,poll_err,0.0,,{}
1779380604767,market_data,poll_backoff_s,0.0,,{}
1779380604767,market_data,active_symbols,3.0,,{}
1779380604767,market_data,ready_symbols,0.0,,{}
1779380604767,market_data,ready_symbol_list,,,"{""value_json"": ""[]""}"
1779380604767,market_data,stale_symbols,,,"{""value_json"": ""[]""}"
1779380604767,market_data,stale_global,0.0,,{}
1779380604767,ml,feature_updates,164.0,,{}
1779380604767,ml,prediction_count,0.0,,{}
1779380604767,ml,candidate_count,0.0,,{}
1779380604767,ml,ranking_count,0.0,,{}
1779380604767,ml,signal_count,0.0,,{}
1779380604767,ml,inference_failures,0.0,,{}
1779380604767,ml,fallback_predictions,0.0,,{}
1779380604767,ml,last_refresh_ts_ms,,,{}
1779380604767,ml,last_ranking_ts_ms,,,{}
1779380604767,ml,top_symbols,,,"{""value_json"": ""[]""}"
1779380604767,ml,shadow_prediction_count,0.0,,{}
1779380604767,ml,shadow_candidate_count,0.0,,{}
1779380604767,ml,shadow_signal_count,0.0,,{}
1779380604767,ml,shadow_would_trade_count,0.0,,{}
1779380604767,ml,shadow_blocked_execution_count,0.0,,{}
1779380604767,ml,parity_check_count,0.0,,{}
1779380604767,ml,parity_failure_count,0.0,,{}
1779380604767,execution,fills,0.0,,{}
1779380604767,execution,open_positions,0.0,,{}
1779380604767,execution,exposure,0.0,,{}
1779380604767,execution,realized_pnl,0.0,,{}
1779380604767,execution,unrealized_pnl,0.0,,{}
1779380604767,execution,equity,100.0,,{}
1779380604767,execution,cash,100.0,,{}
1779380604767,execution,rejected_orders,0.0,,{}
1779380604767,execution,open_orders,0.0,,{}
1779380604767,execution,broker_realized_pnl,0.0,,{}
1779380604767,execution,broker_trades,0.0,,{}
1779380604767,execution,broker_wins,0.0,,{}
1779380604767,execution,broker_losses,0.0,,{}
1779380604767,execution,broker_win_rate,0.0,,{}
1779380604767,execution,broker_avg_hold_s,0.0,,{}
1779380604767,execution,broker_current_losing_streak,0.0,,{}
1779380604767,execution,broker_worst_losing_streak,0.0,,{}
1779380604767,execution,broker_open_orders,0.0,,{}
1779380604767,execution,broker_broker_mode,,live_alpaca,{}
1779380604767,safety,safe_mode,0.0,,{}
1779380604767,safety,kill_switch,0.0,,{}
1779380604767,safety,runtime_health_status,,OK,{}
1779380604767,safety,api_errors,0.0,,{}
1779380604767,safety,order_rejections,0.0,,{}
1779380604767,safety,stale_data_violations,0.0,,{}
1779380604767,safety,health_messages,,,"{""value_json"": ""[]""}"
1779380604767,system,rss_memory_mb,84.348,,{}
1779380604767,system,thread_count,2.0,,{}
1779380604767,system,sqlite_size_mb,1884.371,,{}
1779380619786,runtime,uptime_seconds,90.262,,{}
1779380619786,runtime,runtime_profile,,dry_run,{}
1779380619786,runtime,process_start_ts,1779380529.0,,{}
1779380619786,runtime,process_start_ts_ms,1779380529524.0,,{}
1779380619786,runtime,pid,42498.0,,{}
1779380619786,runtime,heartbeat_age_seconds,0.001,,{}
1779380619786,market_data,ws_connected,0.0,,{}
1779380619786,market_data,ws_disconnect_count,0.0,,{}
1779380619786,market_data,poll_ok,202.0,,{}
1779380619786,market_data,poll_err,0.0,,{}
1779380619786,market_data,poll_backoff_s,0.0,,{}
1779380619786,market_data,active_symbols,3.0,,{}
1779380619786,market_data,ready_symbols,0.0,,{}
1779380619786,market_data,ready_symbol_list,,,"{""value_json"": ""[]""}"
1779380619786,market_data,stale_symbols,,,"{""value_json"": ""[]""}"
1779380619786,market_data,stale_global,0.0,,{}
1779380619786,ml,feature_updates,196.0,,{}
1779380619786,ml,prediction_count,0.0,,{}
1779380619786,ml,candidate_count,0.0,,{}
1779380619786,ml,ranking_count,0.0,,{}
1779380619786,ml,signal_count,0.0,,{}
1779380619786,ml,inference_failures,0.0,,{}
1779380619786,ml,fallback_predictions,0.0,,{}
1779380619786,ml,last_refresh_ts_ms,,,{}
1779380619786,ml,last_ranking_ts_ms,,,{}
1779380619786,ml,top_symbols,,,"{""value_json"": ""[]""}"
1779380619786,ml,shadow_prediction_count,0.0,,{}
1779380619786,ml,shadow_candidate_count,0.0,,{}
1779380619786,ml,shadow_signal_count,0.0,,{}
1779380619786,ml,shadow_would_trade_count,0.0,,{}
1779380619786,ml,shadow_blocked_execution_count,0.0,,{}
1779380619786,ml,parity_check_count,0.0,,{}
1779380619786,ml,parity_failure_count,0.0,,{}
1779380619786,execution,fills,0.0,,{}
1779380619786,execution,open_positions,0.0,,{}
1779380619786,execution,exposure,0.0,,{}
1779380619786,execution,realized_pnl,0.0,,{}
1779380619786,execution,unrealized_pnl,0.0,,{}
1779380619786,execution,equity,100.0,,{}
1779380619786,execution,cash,100.0,,{}
1779380619786,execution,rejected_orders,0.0,,{}
1779380619786,execution,open_orders,0.0,,{}
1779380619786,execution,broker_realized_pnl,0.0,,{}
1779380619786,execution,broker_trades,0.0,,{}
1779380619786,execution,broker_wins,0.0,,{}
1779380619786,execution,broker_losses,0.0,,{}
1779380619786,execution,broker_win_rate,0.0,,{}
1779380619786,execution,broker_avg_hold_s,0.0,,{}
1779380619786,execution,broker_current_losing_streak,0.0,,{}
1779380619786,execution,broker_worst_losing_streak,0.0,,{}
1779380619786,execution,broker_open_orders,0.0,,{}
1779380619786,execution,broker_broker_mode,,live_alpaca,{}
1779380619786,safety,safe_mode,0.0,,{}
1779380619786,safety,kill_switch,0.0,,{}
1779380619786,safety,runtime_health_status,,OK,{}
1779380619786,safety,api_errors,0.0,,{}
1779380619786,safety,order_rejections,0.0,,{}
1779380619786,safety,stale_data_violations,0.0,,{}
1779380619786,safety,health_messages,,,"{""value_json"": ""[]""}"
1779380619786,system,rss_memory_mb,84.402,,{}
1779380619786,system,thread_count,2.0,,{}
1779380619786,system,sqlite_size_mb,1884.371,,{}
1779380634801,runtime,uptime_seconds,105.278,,{}
1779380634801,runtime,runtime_profile,,dry_run,{}
1779380634801,runtime,process_start_ts,1779380529.0,,{}
1779380634801,runtime,process_start_ts_ms,1779380529524.0,,{}
1779380634801,runtime,pid,42498.0,,{}
1779380634801,runtime,heartbeat_age_seconds,5.005,,{}
1779380634801,market_data,ws_connected,0.0,,{}
1779380634801,market_data,ws_disconnect_count,0.0,,{}
1779380634801,market_data,poll_ok,234.0,,{}
1779380634801,market_data,poll_err,0.0,,{}
1779380634801,market_data,poll_backoff_s,0.0,,{}
1779380634801,market_data,active_symbols,3.0,,{}
1779380634801,market_data,ready_symbols,0.0,,{}
1779380634801,market_data,ready_symbol_list,,,"{""value_json"": ""[]""}"
1779380634801,market_data,stale_symbols,,,"{""value_json"": ""[]""}"
1779380634801,market_data,stale_global,0.0,,{}
1779380634801,ml,feature_updates,228.0,,{}
1779380634801,ml,prediction_count,0.0,,{}
1779380634801,ml,candidate_count,0.0,,{}
1779380634801,ml,ranking_count,0.0,,{}
1779380634801,ml,signal_count,0.0,,{}
1779380634801,ml,inference_failures,0.0,,{}
1779380634801,ml,fallback_predictions,0.0,,{}
1779380634801,ml,last_refresh_ts_ms,,,{}
1779380634801,ml,last_ranking_ts_ms,,,{}
1779380634801,ml,top_symbols,,,"{""value_json"": ""[]""}"
1779380634801,ml,shadow_prediction_count,0.0,,{}
1779380634801,ml,shadow_candidate_count,0.0,,{}
1779380634801,ml,shadow_signal_count,0.0,,{}
1779380634801,ml,shadow_would_trade_count,0.0,,{}
1779380634801,ml,shadow_blocked_execution_count,0.0,,{}
1779380634801,ml,parity_check_count,0.0,,{}
1779380634801,ml,parity_failure_count,0.0,,{}
1779380634801,execution,fills,0.0,,{}
1779380634801,execution,open_positions,0.0,,{}
1779380634801,execution,exposure,0.0,,{}
1779380634801,execution,realized_pnl,0.0,,{}
1779380634801,execution,unrealized_pnl,0.0,,{}
1779380634801,execution,equity,100.0,,{}
1779380634801,execution,cash,100.0,,{}
1779380634801,execution,rejected_orders,0.0,,{}
1779380634801,execution,open_orders,0.0,,{}
1779380634801,execution,broker_realized_pnl,0.0,,{}
1779380634801,execution,broker_trades,0.0,,{}
1779380634801,execution,broker_wins,0.0,,{}
1779380634801,execution,broker_losses,0.0,,{}
1779380634801,execution,broker_win_rate,0.0,,{}
1779380634801,execution,broker_avg_hold_s,0.0,,{}
1779380634801,execution,broker_current_losing_streak,0.0,,{}
1779380634801,execution,broker_worst_losing_streak,0.0,,{}
1779380634801,execution,broker_open_orders,0.0,,{}
1779380634801,execution,broker_broker_mode,,live_alpaca,{}
1779380634801,safety,safe_mode,0.0,,{}
1779380634801,safety,kill_switch,0.0,,{}
1779380634801,safety,runtime_health_status,,OK,{}
1779380634801,safety,api_errors,0.0,,{}
1779380634801,safety,order_rejections,0.0,,{}
1779380634801,safety,stale_data_violations,0.0,,{}
1779380634801,safety,health_messages,,,"{""value_json"": ""[]""}"
1779380634801,system,rss_memory_mb,84.418,,{}
1779380634801,system,thread_count,2.0,,{}
1779380634801,system,sqlite_size_mb,1884.371,,{}
1779380649819,runtime,uptime_seconds,120.295,,{}
1779380649819,runtime,runtime_profile,,dry_run,{}
1779380649819,runtime,process_start_ts,1779380529.0,,{}
1779380649819,runtime,process_start_ts_ms,1779380529524.0,,{}
1779380649819,runtime,pid,42498.0,,{}
1779380649819,runtime,heartbeat_age_seconds,0.001,,{}
1779380649819,market_data,ws_connected,0.0,,{}
1779380649819,market_data,ws_disconnect_count,0.0,,{}
1779380649819,market_data,poll_ok,271.0,,{}
1779380649819,market_data,poll_err,0.0,,{}
1779380649819,market_data,poll_backoff_s,0.0,,{}
1779380649819,market_data,active_symbols,3.0,,{}
1779380649819,market_data,ready_symbols,0.0,,{}
1779380649819,market_data,ready_symbol_list,,,"{""value_json"": ""[]""}"
1779380649819,market_data,stale_symbols,,,"{""value_json"": ""[]""}"
1779380649819,market_data,stale_global,0.0,,{}
1779380649819,ml,feature_updates,265.0,,{}
1779380649819,ml,prediction_count,0.0,,{}
1779380649819,ml,candidate_count,0.0,,{}
1779380649819,ml,ranking_count,0.0,,{}
1779380649819,ml,signal_count,0.0,,{}
1779380649819,ml,inference_failures,0.0,,{}
1779380649819,ml,fallback_predictions,0.0,,{}
1779380649819,ml,last_refresh_ts_ms,,,{}
1779380649819,ml,last_ranking_ts_ms,,,{}
1779380649819,ml,top_symbols,,,"{""value_json"": ""[]""}"
1779380649819,ml,shadow_prediction_count,0.0,,{}
1779380649819,ml,shadow_candidate_count,0.0,,{}
1779380649819,ml,shadow_signal_count,0.0,,{}
1779380649819,ml,shadow_would_trade_count,0.0,,{}
1779380649819,ml,shadow_blocked_execution_count,0.0,,{}
1779380649819,ml,parity_check_count,0.0,,{}
1779380649819,ml,parity_failure_count,0.0,,{}
1779380649819,execution,fills,0.0,,{}
1779380649819,execution,open_positions,0.0,,{}
1779380649819,execution,exposure,0.0,,{}
1779380649819,execution,realized_pnl,0.0,,{}
1779380649819,execution,unrealized_pnl,0.0,,{}
1779380649819,execution,equity,100.0,,{}
1779380649819,execution,cash,100.0,,{}
1779380649819,execution,rejected_orders,0.0,,{}
1779380649819,execution,open_orders,0.0,,{}
1779380649819,execution,broker_realized_pnl,0.0,,{}
1779380649819,execution,broker_trades,0.0,,{}
1779380649819,execution,broker_wins,0.0,,{}
1779380649819,execution,broker_losses,0.0,,{}
1779380649819,execution,broker_win_rate,0.0,,{}
1779380649819,execution,broker_avg_hold_s,0.0,,{}
1779380649819,execution,broker_current_losing_streak,0.0,,{}
1779380649819,execution,broker_worst_losing_streak,0.0,,{}
1779380649819,execution,broker_open_orders,0.0,,{}
1779380649819,execution,broker_broker_mode,,live_alpaca,{}
1779380649819,safety,safe_mode,0.0,,{}
1779380649819,safety,kill_switch,0.0,,{}
1779380649819,safety,runtime_health_status,,OK,{}
1779380649819,safety,api_errors,0.0,,{}
1779380649819,safety,order_rejections,0.0,,{}
1779380649819,safety,stale_data_violations,0.0,,{}
1779380649819,safety,health_messages,,,"{""value_json"": ""[]""}"
1779380649819,system,rss_memory_mb,85.469,,{}
1779380649819,system,thread_count,2.0,,{}
1779380649819,system,sqlite_size_mb,1884.371,,{}
1779380664837,runtime,uptime_seconds,135.314,,{}
1779380664837,runtime,runtime_profile,,dry_run,{}
1779380664837,runtime,process_start_ts,1779380529.0,,{}
1779380664837,runtime,process_start_ts_ms,1779380529524.0,,{}
1779380664837,runtime,pid,42498.0,,{}
1779380664837,runtime,heartbeat_age_seconds,5.005,,{}
1779380664837,market_data,ws_connected,0.0,,{}
1779380664837,market_data,ws_disconnect_count,0.0,,{}
1779380664837,market_data,poll_ok,306.0,,{}
1779380664837,market_data,poll_err,0.0,,{}
1779380664837,market_data,poll_backoff_s,0.0,,{}
1779380664837,market_data,active_symbols,3.0,,{}
1779380664837,market_data,ready_symbols,0.0,,{}
1779380664837,market_data,ready_symbol_list,,,"{""value_json"": ""[]""}"
1779380664837,market_data,stale_symbols,,,"{""value_json"": ""[]""}"
1779380664837,market_data,stale_global,0.0,,{}
1779380664837,ml,feature_updates,300.0,,{}
1779380664837,ml,prediction_count,0.0,,{}
1779380664837,ml,candidate_count,0.0,,{}
1779380664837,ml,ranking_count,0.0,,{}
1779380664837,ml,signal_count,0.0,,{}
1779380664837,ml,inference_failures,0.0,,{}
1779380664837,ml,fallback_predictions,0.0,,{}
1779380664837,ml,last_refresh_ts_ms,,,{}
1779380664837,ml,last_ranking_ts_ms,,,{}
1779380664837,ml,top_symbols,,,"{""value_json"": ""[]""}"
1779380664837,ml,shadow_prediction_count,0.0,,{}
1779380664837,ml,shadow_candidate_count,0.0,,{}
1779380664837,ml,shadow_signal_count,0.0,,{}
1779380664837,ml,shadow_would_trade_count,0.0,,{}
1779380664837,ml,shadow_blocked_execution_count,0.0,,{}
1779380664837,ml,parity_check_count,0.0,,{}
1779380664837,ml,parity_failure_count,0.0,,{}
1779380664837,execution,fills,0.0,,{}
1779380664837,execution,open_positions,0.0,,{}
1779380664837,execution,exposure,0.0,,{}
1779380664837,execution,realized_pnl,0.0,,{}
1779380664837,execution,unrealized_pnl,0.0,,{}
1779380664837,execution,equity,100.0,,{}
1779380664837,execution,cash,100.0,,{}
1779380664837,execution,rejected_orders,0.0,,{}
1779380664837,execution,open_orders,0.0,,{}
1779380664837,execution,broker_realized_pnl,0.0,,{}
1779380664837,execution,broker_trades,0.0,,{}
1779380664837,execution,broker_wins,0.0,,{}
1779380664837,execution,broker_losses,0.0,,{}
1779380664837,execution,broker_win_rate,0.0,,{}
1779380664837,execution,broker_avg_hold_s,0.0,,{}
1779380664837,execution,broker_current_losing_streak,0.0,,{}
1779380664837,execution,broker_worst_losing_streak,0.0,,{}
1779380664837,execution,broker_open_orders,0.0,,{}
1779380664837,execution,broker_broker_mode,,live_alpaca,{}
1779380664837,safety,safe_mode,0.0,,{}
1779380664837,safety,kill_switch,0.0,,{}
1779380664837,safety,runtime_health_status,,OK,{}
1779380664837,safety,api_errors,0.0,,{}
1779380664837,safety,order_rejections,0.0,,{}
1779380664837,safety,stale_data_violations,0.0,,{}
1779380664837,safety,health_messages,,,"{""value_json"": ""[]""}"
1779380664837,system,rss_memory_mb,86.387,,{}
1779380664837,system,thread_count,2.0,,{}
1779380664837,system,sqlite_size_mb,1884.371,,{}
1779380679854,runtime,uptime_seconds,150.33,,{}
1779380679854,runtime,runtime_profile,,dry_run,{}
1779380679854,runtime,process_start_ts,1779380529.0,,{}
1779380679854,runtime,process_start_ts_ms,1779380529524.0,,{}
1779380679854,runtime,pid,42498.0,,{}
1779380679854,runtime,heartbeat_age_seconds,0.001,,{}
1779380679854,market_data,ws_connected,0.0,,{}
1779380679854,market_data,ws_disconnect_count,0.0,,{}
1779380679854,market_data,poll_ok,339.0,,{}
1779380679854,market_data,poll_err,0.0,,{}
1779380679854,market_data,poll_backoff_s,0.0,,{}
1779380679854,market_data,active_symbols,3.0,,{}
1779380679854,market_data,ready_symbols,0.0,,{}
1779380679854,market_data,ready_symbol_list,,,"{""value_json"": ""[]""}"
1779380679854,market_data,stale_symbols,,,"{""value_json"": ""[]""}"
1779380679854,market_data,stale_global,0.0,,{}
1779380679854,ml,feature_updates,333.0,,{}
1779380679854,ml,prediction_count,0.0,,{}
1779380679854,ml,candidate_count,0.0,,{}
1779380679854,ml,ranking_count,0.0,,{}
1779380679854,ml,signal_count,0.0,,{}
1779380679854,ml,inference_failures,0.0,,{}
1779380679854,ml,fallback_predictions,0.0,,{}
1779380679854,ml,last_refresh_ts_ms,,,{}
1779380679854,ml,last_ranking_ts_ms,,,{}
1779380679854,ml,top_symbols,,,"{""value_json"": ""[]""}"
1779380679854,ml,shadow_prediction_count,0.0,,{}
1779380679854,ml,shadow_candidate_count,0.0,,{}
1779380679854,ml,shadow_signal_count,0.0,,{}
1779380679854,ml,shadow_would_trade_count,0.0,,{}
1779380679854,ml,shadow_blocked_execution_count,0.0,,{}
1779380679854,ml,parity_check_count,0.0,,{}
1779380679854,ml,parity_failure_count,0.0,,{}
1779380679854,execution,fills,0.0,,{}
1779380679854,execution,open_positions,0.0,,{}
1779380679854,execution,exposure,0.0,,{}
1779380679854,execution,realized_pnl,0.0,,{}
1779380679854,execution,unrealized_pnl,0.0,,{}
1779380679854,execution,equity,100.0,,{}
1779380679854,execution,cash,100.0,,{}
1779380679854,execution,rejected_orders,0.0,,{}
1779380679854,execution,open_orders,0.0,,{}
1779380679854,execution,broker_realized_pnl,0.0,,{}
1779380679854,execution,broker_trades,0.0,,{}
1779380679854,execution,broker_wins,0.0,,{}
1779380679854,execution,broker_losses,0.0,,{}
1779380679854,execution,broker_win_rate,0.0,,{}
1779380679854,execution,broker_avg_hold_s,0.0,,{}
1779380679854,execution,broker_current_losing_streak,0.0,,{}
1779380679854,execution,broker_worst_losing_streak,0.0,,{}
1779380679854,execution,broker_open_orders,0.0,,{}
1779380679854,execution,broker_broker_mode,,live_alpaca,{}
1779380679854,safety,safe_mode,0.0,,{}
1779380679854,safety,kill_switch,0.0,,{}
1779380679854,safety,runtime_health_status,,OK,{}
1779380679854,safety,api_errors,0.0,,{}
1779380679854,safety,order_rejections,0.0,,{}
1779380679854,safety,stale_data_violations,0.0,,{}
1779380679854,safety,health_messages,,,"{""value_json"": ""[]""}"
1779380679854,system,rss_memory_mb,87.941,,{}
1779380679854,system,thread_count,2.0,,{}
1779380679854,system,sqlite_size_mb,1884.41,,{}
1779380694868,runtime,uptime_seconds,165.345,,{}
1779380694868,runtime,runtime_profile,,dry_run,{}
1779380694868,runtime,process_start_ts,1779380529.0,,{}
1779380694868,runtime,process_start_ts_ms,1779380529524.0,,{}
1779380694868,runtime,pid,42498.0,,{}
1779380694868,runtime,heartbeat_age_seconds,5.006,,{}
1779380694868,market_data,ws_connected,0.0,,{}
1779380694868,market_data,ws_disconnect_count,0.0,,{}
1779380694868,market_data,poll_ok,372.0,,{}
1779380694868,market_data,poll_err,0.0,,{}
1779380694868,market_data,poll_backoff_s,0.0,,{}
1779380694868,market_data,active_symbols,3.0,,{}
1779380694868,market_data,ready_symbols,0.0,,{}
1779380694868,market_data,ready_symbol_list,,,"{""value_json"": ""[]""}"
1779380694868,market_data,stale_symbols,,,"{""value_json"": ""[]""}"
1779380694868,market_data,stale_global,0.0,,{}
1779380694868,ml,feature_updates,366.0,,{}
1779380694868,ml,prediction_count,0.0,,{}
1779380694868,ml,candidate_count,0.0,,{}
1779380694868,ml,ranking_count,0.0,,{}
1779380694868,ml,signal_count,0.0,,{}
1779380694868,ml,inference_failures,0.0,,{}
1779380694868,ml,fallback_predictions,0.0,,{}
1779380694868,ml,last_refresh_ts_ms,,,{}
1779380694868,ml,last_ranking_ts_ms,,,{}
1779380694868,ml,top_symbols,,,"{""value_json"": ""[]""}"
1779380694868,ml,shadow_prediction_count,0.0,,{}
1779380694868,ml,shadow_candidate_count,0.0,,{}
1779380694868,ml,shadow_signal_count,0.0,,{}
1779380694868,ml,shadow_would_trade_count,0.0,,{}
1779380694868,ml,shadow_blocked_execution_count,0.0,,{}
1779380694868,ml,parity_check_count,0.0,,{}
1779380694868,ml,parity_failure_count,0.0,,{}
1779380694868,execution,fills,0.0,,{}
1779380694868,execution,open_positions,0.0,,{}
1779380694868,execution,exposure,0.0,,{}
1779380694868,execution,realized_pnl,0.0,,{}
1779380694868,execution,unrealized_pnl,0.0,,{}
1779380694868,execution,equity,100.0,,{}
1779380694868,execution,cash,100.0,,{}
1779380694868,execution,rejected_orders,0.0,,{}
1779380694868,execution,open_orders,0.0,,{}
1779380694868,execution,broker_realized_pnl,0.0,,{}
1779380694868,execution,broker_trades,0.0,,{}
1779380694868,execution,broker_wins,0.0,,{}
1779380694868,execution,broker_losses,0.0,,{}
1779380694868,execution,broker_win_rate,0.0,,{}
1779380694868,execution,broker_avg_hold_s,0.0,,{}
1779380694868,execution,broker_current_losing_streak,0.0,,{}
1779380694868,execution,broker_worst_losing_streak,0.0,,{}
1779380694868,execution,broker_open_orders,0.0,,{}
1779380694868,execution,broker_broker_mode,,live_alpaca,{}
1779380694868,safety,safe_mode,0.0,,{}
1779380694868,safety,kill_switch,0.0,,{}
1779380694868,safety,runtime_health_status,,OK,{}
1779380694868,safety,api_errors,0.0,,{}
1779380694868,safety,order_rejections,0.0,,{}
1779380694868,safety,stale_data_violations,0.0,,{}
1779380694868,safety,health_messages,,,"{""value_json"": ""[]""}"
1779380694868,system,rss_memory_mb,88.902,,{}
1779380694868,system,thread_count,2.0,,{}
1779380694868,system,sqlite_size_mb,1884.41,,{}
1779380709886,runtime,uptime_seconds,180.362,,{}
1779380709886,runtime,runtime_profile,,dry_run,{}
1779380709886,runtime,process_start_ts,1779380529.0,,{}
1779380709886,runtime,process_start_ts_ms,1779380529524.0,,{}
1779380709886,runtime,pid,42498.0,,{}
1779380709886,runtime,heartbeat_age_seconds,0.001,,{}
1779380709886,market_data,ws_connected,0.0,,{}
1779380709886,market_data,ws_disconnect_count,0.0,,{}
1779380709886,market_data,poll_ok,406.0,,{}
1779380709886,market_data,poll_err,0.0,,{}
1779380709886,market_data,poll_backoff_s,0.0,,{}
1779380709886,market_data,active_symbols,3.0,,{}
1779380709886,market_data,ready_symbols,0.0,,{}
1779380709886,market_data,ready_symbol_list,,,"{""value_json"": ""[]""}"
1779380709886,market_data,stale_symbols,,,"{""value_json"": ""[]""}"
1779380709886,market_data,stale_global,0.0,,{}
1779380709886,ml,feature_updates,399.0,,{}
1779380709886,ml,prediction_count,0.0,,{}
1779380709886,ml,candidate_count,0.0,,{}
1779380709886,ml,ranking_count,0.0,,{}
1779380709886,ml,signal_count,0.0,,{}
1779380709886,ml,inference_failures,0.0,,{}
1779380709886,ml,fallback_predictions,0.0,,{}
1779380709886,ml,last_refresh_ts_ms,,,{}
1779380709886,ml,last_ranking_ts_ms,,,{}
1779380709886,ml,top_symbols,,,"{""value_json"": ""[]""}"
1779380709886,ml,shadow_prediction_count,0.0,,{}
1779380709886,ml,shadow_candidate_count,0.0,,{}
1779380709886,ml,shadow_signal_count,0.0,,{}
1779380709886,ml,shadow_would_trade_count,0.0,,{}
1779380709886,ml,shadow_blocked_execution_count,0.0,,{}
1779380709886,ml,parity_check_count,0.0,,{}
1779380709886,ml,parity_failure_count,0.0,,{}
1779380709886,execution,fills,0.0,,{}
1779380709886,execution,open_positions,0.0,,{}
1779380709886,execution,exposure,0.0,,{}
1779380709886,execution,realized_pnl,0.0,,{}
1779380709886,execution,unrealized_pnl,0.0,,{}
1779380709886,execution,equity,100.0,,{}
1779380709886,execution,cash,100.0,,{}
1779380709886,execution,rejected_orders,0.0,,{}
1779380709886,execution,open_orders,0.0,,{}
1779380709886,execution,broker_realized_pnl,0.0,,{}
1779380709886,execution,broker_trades,0.0,,{}
1779380709886,execution,broker_wins,0.0,,{}
1779380709886,execution,broker_losses,0.0,,{}
1779380709886,execution,broker_win_rate,0.0,,{}
1779380709886,execution,broker_avg_hold_s,0.0,,{}
1779380709886,execution,broker_current_losing_streak,0.0,,{}
1779380709886,execution,broker_worst_losing_streak,0.0,,{}
1779380709886,execution,broker_open_orders,0.0,,{}
1779380709886,execution,broker_broker_mode,,live_alpaca,{}
1779380709886,safety,safe_mode,0.0,,{}
1779380709886,safety,kill_switch,0.0,,{}
1779380709886,safety,runtime_health_status,,OK,{}
1779380709886,safety,api_errors,0.0,,{}
1779380709886,safety,order_rejections,0.0,,{}
1779380709886,safety,stale_data_violations,0.0,,{}
1779380709886,safety,health_messages,,,"{""value_json"": ""[]""}"
1779380709886,system,rss_memory_mb,89.785,,{}
1779380709886,system,thread_count,2.0,,{}
1779380709886,system,sqlite_size_mb,1884.41,,{}
1779380724900,runtime,uptime_seconds,195.376,,{}
1779380724900,runtime,runtime_profile,,dry_run,{}
1779380724900,runtime,process_start_ts,1779380529.0,,{}
1779380724900,runtime,process_start_ts_ms,1779380529524.0,,{}
1779380724900,runtime,pid,42498.0,,{}
1779380724900,runtime,heartbeat_age_seconds,5.004,,{}
1779380724900,market_data,ws_connected,0.0,,{}
1779380724900,market_data,ws_disconnect_count,0.0,,{}
1779380724900,market_data,poll_ok,441.0,,{}
1779380724900,market_data,poll_err,0.0,,{}
1779380724900,market_data,poll_backoff_s,0.0,,{}
1779380724900,market_data,active_symbols,3.0,,{}
1779380724900,market_data,ready_symbols,0.0,,{}
1779380724900,market_data,ready_symbol_list,,,"{""value_json"": ""[]""}"
1779380724900,market_data,stale_symbols,,,"{""value_json"": ""[]""}"
1779380724900,market_data,stale_global,0.0,,{}
1779380724900,ml,feature_updates,434.0,,{}
1779380724900,ml,prediction_count,0.0,,{}
1779380724900,ml,candidate_count,0.0,,{}
1779380724900,ml,ranking_count,0.0,,{}
1779380724900,ml,signal_count,0.0,,{}
1779380724900,ml,inference_failures,0.0,,{}
1779380724900,ml,fallback_predictions,0.0,,{}
1779380724900,ml,last_refresh_ts_ms,,,{}
1779380724900,ml,last_ranking_ts_ms,,,{}
1779380724900,ml,top_symbols,,,"{""value_json"": ""[]""}"
1779380724900,ml,shadow_prediction_count,0.0,,{}
1779380724900,ml,shadow_candidate_count,0.0,,{}
1779380724900,ml,shadow_signal_count,0.0,,{}
1779380724900,ml,shadow_would_trade_count,0.0,,{}
1779380724900,ml,shadow_blocked_execution_count,0.0,,{}
1779380724900,ml,parity_check_count,0.0,,{}
1779380724900,ml,parity_failure_count,0.0,,{}
1779380724900,execution,fills,0.0,,{}
1779380724900,execution,open_positions,0.0,,{}
1779380724900,execution,exposure,0.0,,{}
1779380724900,execution,realized_pnl,0.0,,{}
1779380724900,execution,unrealized_pnl,0.0,,{}
1779380724900,execution,equity,100.0,,{}
1779380724900,execution,cash,100.0,,{}
1779380724900,execution,rejected_orders,0.0,,{}
1779380724900,execution,open_orders,0.0,,{}
1779380724900,execution,broker_realized_pnl,0.0,,{}
1779380724900,execution,broker_trades,0.0,,{}
1779380724900,execution,broker_wins,0.0,,{}
1779380724900,execution,broker_losses,0.0,,{}
1779380724900,execution,broker_win_rate,0.0,,{}
1779380724900,execution,broker_avg_hold_s,0.0,,{}
1779380724900,execution,broker_current_losing_streak,0.0,,{}
1779380724900,execution,broker_worst_losing_streak,0.0,,{}
1779380724900,execution,broker_open_orders,0.0,,{}
1779380724900,execution,broker_broker_mode,,live_alpaca,{}
1779380724900,safety,safe_mode,0.0,,{}
1779380724900,safety,kill_switch,0.0,,{}
1779380724900,safety,runtime_health_status,,OK,{}
1779380724900,safety,api_errors,0.0,,{}
1779380724900,safety,order_rejections,0.0,,{}
1779380724900,safety,stale_data_violations,0.0,,{}
1779380724900,safety,health_messages,,,"{""value_json"": ""[]""}"
1779380724900,system,rss_memory_mb,90.672,,{}
1779380724900,system,thread_count,2.0,,{}
1779380724900,system,sqlite_size_mb,1884.41,,{}
1779380739917,runtime,uptime_seconds,210.393,,{}
1779380739917,runtime,runtime_profile,,dry_run,{}
1779380739917,runtime,process_start_ts,1779380529.0,,{}
1779380739917,runtime,process_start_ts_ms,1779380529524.0,,{}
1779380739917,runtime,pid,42498.0,,{}
1779380739917,runtime,heartbeat_age_seconds,0.001,,{}
1779380739917,market_data,ws_connected,0.0,,{}
1779380739917,market_data,ws_disconnect_count,0.0,,{}
1779380739917,market_data,poll_ok,477.0,,{}
1779380739917,market_data,poll_err,0.0,,{}
1779380739917,market_data,poll_backoff_s,0.0,,{}
1779380739917,market_data,active_symbols,3.0,,{}
1779380739917,market_data,ready_symbols,0.0,,{}
1779380739917,market_data,ready_symbol_list,,,"{""value_json"": ""[]""}"
1779380739917,market_data,stale_symbols,,,"{""value_json"": ""[]""}"
1779380739917,market_data,stale_global,0.0,,{}
1779380739917,ml,feature_updates,470.0,,{}
1779380739917,ml,prediction_count,0.0,,{}
1779380739917,ml,candidate_count,0.0,,{}
1779380739917,ml,ranking_count,0.0,,{}
1779380739917,ml,signal_count,0.0,,{}
1779380739917,ml,inference_failures,0.0,,{}
1779380739917,ml,fallback_predictions,0.0,,{}
1779380739917,ml,last_refresh_ts_ms,,,{}
1779380739917,ml,last_ranking_ts_ms,,,{}
1779380739917,ml,top_symbols,,,"{""value_json"": ""[]""}"
1779380739917,ml,shadow_prediction_count,0.0,,{}
1779380739917,ml,shadow_candidate_count,0.0,,{}
1779380739917,ml,shadow_signal_count,0.0,,{}
1779380739917,ml,shadow_would_trade_count,0.0,,{}
1779380739917,ml,shadow_blocked_execution_count,0.0,,{}
1779380739917,ml,parity_check_count,0.0,,{}
1779380739917,ml,parity_failure_count,0.0,,{}
1779380739917,execution,fills,0.0,,{}
1779380739917,execution,open_positions,0.0,,{}
1779380739917,execution,exposure,0.0,,{}
1779380739917,execution,realized_pnl,0.0,,{}
1779380739917,execution,unrealized_pnl,0.0,,{}
1779380739917,execution,equity,100.0,,{}
1779380739917,execution,cash,100.0,,{}
1779380739917,execution,rejected_orders,0.0,,{}
1779380739917,execution,open_orders,0.0,,{}
1779380739917,execution,broker_realized_pnl,0.0,,{}
1779380739917,execution,broker_trades,0.0,,{}
1779380739917,execution,broker_wins,0.0,,{}
1779380739917,execution,broker_losses,0.0,,{}
1779380739917,execution,broker_win_rate,0.0,,{}
1779380739917,execution,broker_avg_hold_s,0.0,,{}
1779380739917,execution,broker_current_losing_streak,0.0,,{}
1779380739917,execution,broker_worst_losing_streak,0.0,,{}
1779380739917,execution,broker_open_orders,0.0,,{}
1779380739917,execution,broker_broker_mode,,live_alpaca,{}
1779380739917,safety,safe_mode,0.0,,{}
1779380739917,safety,kill_switch,0.0,,{}
1779380739917,safety,runtime_health_status,,OK,{}
1779380739917,safety,api_errors,0.0,,{}
1779380739917,safety,order_rejections,0.0,,{}
1779380739917,safety,stale_data_violations,0.0,,{}
1779380739917,safety,health_messages,,,"{""value_json"": ""[]""}"
1779380739917,system,rss_memory_mb,90.707,,{}
1779380739917,system,thread_count,2.0,,{}
1779380739917,system,sqlite_size_mb,1884.41,,{}
1779380754933,runtime,uptime_seconds,225.409,,{}
1779380754933,runtime,runtime_profile,,dry_run,{}
1779380754933,runtime,process_start_ts,1779380529.0,,{}
1779380754933,runtime,process_start_ts_ms,1779380529524.0,,{}
1779380754933,runtime,pid,42498.0,,{}
1779380754933,runtime,heartbeat_age_seconds,5.006,,{}
1779380754933,market_data,ws_connected,0.0,,{}
1779380754933,market_data,ws_disconnect_count,0.0,,{}
1779380754933,market_data,poll_ok,513.0,,{}
1779380754933,market_data,poll_err,0.0,,{}
1779380754933,market_data,poll_backoff_s,0.0,,{}
1779380754933,market_data,active_symbols,3.0,,{}
1779380754933,market_data,ready_symbols,3.0,,{}
1779380754933,market_data,ready_symbol_list,,,"{""value_json"": ""[\""BNBUSDT\"", \""BTCUSDT\"", \""ETHUSDT\""]""}"
1779380754933,market_data,stale_symbols,,,"{""value_json"": ""[]""}"
1779380754933,market_data,stale_global,0.0,,{}
1779380754933,ml,feature_updates,506.0,,{}
1779380754933,ml,prediction_count,0.0,,{}
1779380754933,ml,candidate_count,1.0,,{}
1779380754933,ml,ranking_count,1.0,,{}
1779380754933,ml,signal_count,0.0,,{}
1779380754933,ml,inference_failures,0.0,,{}
1779380754933,ml,fallback_predictions,0.0,,{}
1779380754933,ml,last_refresh_ts_ms,,,{}
1779380754933,ml,last_ranking_ts_ms,1779380752000.0,,{}
1779380754933,ml,top_symbols,,,"{""value_json"": ""[\""ETHUSDT\""]""}"
1779380754933,ml,shadow_prediction_count,1.0,,{}
1779380754933,ml,shadow_candidate_count,1.0,,{}
1779380754933,ml,shadow_signal_count,0.0,,{}
1779380754933,ml,shadow_would_trade_count,0.0,,{}
1779380754933,ml,shadow_blocked_execution_count,0.0,,{}
1779380754933,ml,parity_check_count,0.0,,{}
1779380754933,ml,parity_failure_count,0.0,,{}
1779380754933,execution,fills,0.0,,{}
1779380754933,execution,open_positions,0.0,,{}
1779380754933,execution,exposure,0.0,,{}
1779380754933,execution,realized_pnl,0.0,,{}
1779380754933,execution,unrealized_pnl,0.0,,{}
1779380754933,execution,equity,100.0,,{}
1779380754933,execution,cash,100.0,,{}
1779380754933,execution,rejected_orders,0.0,,{}
1779380754933,execution,open_orders,0.0,,{}
1779380754933,execution,broker_realized_pnl,0.0,,{}
1779380754933,execution,broker_trades,0.0,,{}
1779380754933,execution,broker_wins,0.0,,{}
1779380754933,execution,broker_losses,0.0,,{}
1779380754933,execution,broker_win_rate,0.0,,{}
1779380754933,execution,broker_avg_hold_s,0.0,,{}
1779380754933,execution,broker_current_losing_streak,0.0,,{}
1779380754933,execution,broker_worst_losing_streak,0.0,,{}
1779380754933,execution,broker_open_orders,0.0,,{}
1779380754933,execution,broker_broker_mode,,live_alpaca,{}
1779380754933,safety,safe_mode,0.0,,{}
1779380754933,safety,kill_switch,0.0,,{}
1779380754933,safety,runtime_health_status,,OK,{}
1779380754933,safety,api_errors,0.0,,{}
1779380754933,safety,order_rejections,0.0,,{}
1779380754933,safety,stale_data_violations,0.0,,{}
1779380754933,safety,health_messages,,,"{""value_json"": ""[]""}"
1779380754933,system,rss_memory_mb,91.996,,{}
1779380754933,system,thread_count,2.0,,{}
1779380754933,system,sqlite_size_mb,1884.46,,{}
1779380769952,runtime,uptime_seconds,240.429,,{}
1779380769952,runtime,runtime_profile,,dry_run,{}
1779380769952,runtime,process_start_ts,1779380529.0,,{}
1779380769952,runtime,process_start_ts_ms,1779380529524.0,,{}
1779380769952,runtime,pid,42498.0,,{}
1779380769952,runtime,heartbeat_age_seconds,0.0,,{}
1779380769952,market_data,ws_connected,0.0,,{}
1779380769952,market_data,ws_disconnect_count,0.0,,{}
1779380769952,market_data,poll_ok,547.0,,{}
1779380769952,market_data,poll_err,0.0,,{}
1779380769952,market_data,poll_backoff_s,0.0,,{}
1779380769952,market_data,active_symbols,3.0,,{}
1779380769952,market_data,ready_symbols,3.0,,{}
1779380769952,market_data,ready_symbol_list,,,"{""value_json"": ""[\""BNBUSDT\"", \""BTCUSDT\"", \""ETHUSDT\""]""}"
1779380769952,market_data,stale_symbols,,,"{""value_json"": ""[]""}"
1779380769952,market_data,stale_global,0.0,,{}
1779380769952,ml,feature_updates,540.0,,{}
1779380769952,ml,prediction_count,0.0,,{}
1779380769952,ml,candidate_count,1.0,,{}
1779380769952,ml,ranking_count,1.0,,{}
1779380769952,ml,signal_count,0.0,,{}
1779380769952,ml,inference_failures,0.0,,{}
1779380769952,ml,fallback_predictions,0.0,,{}
1779380769952,ml,last_refresh_ts_ms,,,{}
1779380769952,ml,last_ranking_ts_ms,1779380752000.0,,{}
1779380769952,ml,top_symbols,,,"{""value_json"": ""[\""ETHUSDT\""]""}"
1779380769952,ml,shadow_prediction_count,1.0,,{}
1779380769952,ml,shadow_candidate_count,1.0,,{}
1779380769952,ml,shadow_signal_count,0.0,,{}
1779380769952,ml,shadow_would_trade_count,0.0,,{}
1779380769952,ml,shadow_blocked_execution_count,0.0,,{}
1779380769952,ml,parity_check_count,0.0,,{}
1779380769952,ml,parity_failure_count,0.0,,{}
1779380769952,execution,fills,0.0,,{}
1779380769952,execution,open_positions,0.0,,{}
1779380769952,execution,exposure,0.0,,{}
1779380769952,execution,realized_pnl,0.0,,{}
1779380769952,execution,unrealized_pnl,0.0,,{}
1779380769952,execution,equity,100.0,,{}
1779380769952,execution,cash,100.0,,{}
1779380769952,execution,rejected_orders,0.0,,{}
1779380769952,execution,open_orders,0.0,,{}
1779380769952,execution,broker_realized_pnl,0.0,,{}
1779380769952,execution,broker_trades,0.0,,{}
1779380769952,execution,broker_wins,0.0,,{}
1779380769952,execution,broker_losses,0.0,,{}
1779380769952,execution,broker_win_rate,0.0,,{}
1779380769952,execution,broker_avg_hold_s,0.0,,{}
1779380769952,execution,broker_current_losing_streak,0.0,,{}
1779380769952,execution,broker_worst_losing_streak,0.0,,{}
1779380769952,execution,broker_open_orders,0.0,,{}
1779380769952,execution,broker_broker_mode,,live_alpaca,{}
1779380769952,safety,safe_mode,0.0,,{}
1779380769952,safety,kill_switch,0.0,,{}
1779380769952,safety,runtime_health_status,,OK,{}
1779380769952,safety,api_errors,0.0,,{}
1779380769952,safety,order_rejections,0.0,,{}
1779380769952,safety,stale_data_violations,0.0,,{}
1779380769952,safety,health_messages,,,"{""value_json"": ""[]""}"
1779380769952,system,rss_memory_mb,92.27,,{}
1779380769952,system,thread_count,2.0,,{}
1779380769952,system,sqlite_size_mb,1884.46,,{}
1779380784982,runtime,uptime_seconds,255.458,,{}
1779380784982,runtime,runtime_profile,,dry_run,{}
1779380784982,runtime,process_start_ts,1779380529.0,,{}
1779380784982,runtime,process_start_ts_ms,1779380529524.0,,{}
1779380784982,runtime,pid,42498.0,,{}
1779380784982,runtime,heartbeat_age_seconds,5.005,,{}
1779380784982,market_data,ws_connected,0.0,,{}
1779380784982,market_data,ws_disconnect_count,0.0,,{}
1779380784982,market_data,poll_ok,579.0,,{}
1779380784982,market_data,poll_err,0.0,,{}
1779380784982,market_data,poll_backoff_s,0.0,,{}
1779380784982,market_data,active_symbols,3.0,,{}
1779380784982,market_data,ready_symbols,3.0,,{}
1779380784982,market_data,ready_symbol_list,,,"{""value_json"": ""[\""BNBUSDT\"", \""BTCUSDT\"", \""ETHUSDT\""]""}"
1779380784982,market_data,stale_symbols,,,"{""value_json"": ""[]""}"
1779380784982,market_data,stale_global,0.0,,{}
1779380784982,ml,feature_updates,572.0,,{}
1779380784982,ml,prediction_count,0.0,,{}
1779380784982,ml,candidate_count,1.0,,{}
1779380784982,ml,ranking_count,1.0,,{}
1779380784982,ml,signal_count,0.0,,{}
1779380784982,ml,inference_failures,0.0,,{}
1779380784982,ml,fallback_predictions,0.0,,{}
1779380784982,ml,last_refresh_ts_ms,,,{}
1779380784982,ml,last_ranking_ts_ms,1779380752000.0,,{}
1779380784982,ml,top_symbols,,,"{""value_json"": ""[\""ETHUSDT\""]""}"
1779380784982,ml,shadow_prediction_count,1.0,,{}
1779380784982,ml,shadow_candidate_count,1.0,,{}
1779380784982,ml,shadow_signal_count,0.0,,{}
1779380784982,ml,shadow_would_trade_count,0.0,,{}
1779380784982,ml,shadow_blocked_execution_count,0.0,,{}
1779380784982,ml,parity_check_count,0.0,,{}
1779380784982,ml,parity_failure_count,0.0,,{}
1779380784982,execution,fills,0.0,,{}
1779380784982,execution,open_positions,0.0,,{}
1779380784982,execution,exposure,0.0,,{}
1779380784982,execution,realized_pnl,0.0,,{}
1779380784982,execution,unrealized_pnl,0.0,,{}
1779380784982,execution,equity,100.0,,{}
1779380784982,execution,cash,100.0,,{}
1779380784982,execution,rejected_orders,0.0,,{}
1779380784982,execution,open_orders,0.0,,{}
1779380784982,execution,broker_realized_pnl,0.0,,{}
1779380784982,execution,broker_trades,0.0,,{}
1779380784982,execution,broker_wins,0.0,,{}
1779380784982,execution,broker_losses,0.0,,{}
1779380784982,execution,broker_win_rate,0.0,,{}
1779380784982,execution,broker_avg_hold_s,0.0,,{}
1779380784982,execution,broker_current_losing_streak,0.0,,{}
1779380784982,execution,broker_worst_losing_streak,0.0,,{}
1779380784982,execution,broker_open_orders,0.0,,{}
1779380784982,execution,broker_broker_mode,,live_alpaca,{}
1779380784982,safety,safe_mode,0.0,,{}
1779380784982,safety,kill_switch,0.0,,{}
1779380784982,safety,runtime_health_status,,OK,{}
1779380784982,safety,api_errors,0.0,,{}
1779380784982,safety,order_rejections,0.0,,{}
1779380784982,safety,stale_data_violations,0.0,,{}
1779380784982,safety,health_messages,,,"{""value_json"": ""[]""}"
1779380784982,system,rss_memory_mb,92.277,,{}
1779380784982,system,thread_count,2.0,,{}
1779380784982,system,sqlite_size_mb,1884.46,,{}
1779380800001,runtime,uptime_seconds,270.478,,{}
1779380800001,runtime,runtime_profile,,dry_run,{}
1779380800001,runtime,process_start_ts,1779380529.0,,{}
1779380800001,runtime,process_start_ts_ms,1779380529524.0,,{}
1779380800001,runtime,pid,42498.0,,{}
1779380800001,runtime,heartbeat_age_seconds,0.0,,{}
1779380800001,market_data,ws_connected,0.0,,{}
1779380800001,market_data,ws_disconnect_count,0.0,,{}
1779380800001,market_data,poll_ok,614.0,,{}
1779380800001,market_data,poll_err,0.0,,{}
1779380800001,market_data,poll_backoff_s,0.0,,{}
1779380800001,market_data,active_symbols,3.0,,{}
1779380800001,market_data,ready_symbols,3.0,,{}
1779380800001,market_data,ready_symbol_list,,,"{""value_json"": ""[\""BNBUSDT\"", \""BTCUSDT\"", \""ETHUSDT\""]""}"
1779380800001,market_data,stale_symbols,,,"{""value_json"": ""[]""}"
1779380800001,market_data,stale_global,0.0,,{}
1779380800001,ml,feature_updates,607.0,,{}
1779380800001,ml,prediction_count,0.0,,{}
1779380800001,ml,candidate_count,1.0,,{}
1779380800001,ml,ranking_count,1.0,,{}
1779380800001,ml,signal_count,0.0,,{}
1779380800001,ml,inference_failures,0.0,,{}
1779380800001,ml,fallback_predictions,0.0,,{}
1779380800001,ml,last_refresh_ts_ms,,,{}
1779380800001,ml,last_ranking_ts_ms,1779380752000.0,,{}
1779380800001,ml,top_symbols,,,"{""value_json"": ""[\""ETHUSDT\""]""}"
1779380800001,ml,shadow_prediction_count,1.0,,{}
1779380800001,ml,shadow_candidate_count,1.0,,{}
1779380800001,ml,shadow_signal_count,0.0,,{}
1779380800001,ml,shadow_would_trade_count,0.0,,{}
1779380800001,ml,shadow_blocked_execution_count,0.0,,{}
1779380800001,ml,parity_check_count,0.0,,{}
1779380800001,ml,parity_failure_count,0.0,,{}
1779380800001,execution,fills,0.0,,{}
1779380800001,execution,open_positions,0.0,,{}
1779380800001,execution,exposure,0.0,,{}
1779380800001,execution,realized_pnl,0.0,,{}
1779380800001,execution,unrealized_pnl,0.0,,{}
1779380800001,execution,equity,100.0,,{}
1779380800001,execution,cash,100.0,,{}
1779380800001,execution,rejected_orders,0.0,,{}
1779380800001,execution,open_orders,0.0,,{}
1779380800001,execution,broker_realized_pnl,0.0,,{}
1779380800001,execution,broker_trades,0.0,,{}
1779380800001,execution,broker_wins,0.0,,{}
1779380800001,execution,broker_losses,0.0,,{}
1779380800001,execution,broker_win_rate,0.0,,{}
1779380800001,execution,broker_avg_hold_s,0.0,,{}
1779380800001,execution,broker_current_losing_streak,0.0,,{}
1779380800001,execution,broker_worst_losing_streak,0.0,,{}
1779380800001,execution,broker_open_orders,0.0,,{}
1779380800001,execution,broker_broker_mode,,live_alpaca,{}
1779380800001,safety,safe_mode,0.0,,{}
1779380800001,safety,kill_switch,0.0,,{}
1779380800001,safety,runtime_health_status,,OK,{}
1779380800001,safety,api_errors,0.0,,{}
1779380800001,safety,order_rejections,0.0,,{}
1779380800001,safety,stale_data_violations,0.0,,{}
1779380800001,safety,health_messages,,,"{""value_json"": ""[]""}"
1779380800001,system,rss_memory_mb,92.371,,{}
1779380800001,system,thread_count,2.0,,{}
1779380800001,system,sqlite_size_mb,1884.46,,{}
1779380815017,runtime,uptime_seconds,285.493,,{}
1779380815017,runtime,runtime_profile,,dry_run,{}
1779380815017,runtime,process_start_ts,1779380529.0,,{}
1779380815017,runtime,process_start_ts_ms,1779380529524.0,,{}
1779380815017,runtime,pid,42498.0,,{}
1779380815017,runtime,heartbeat_age_seconds,5.005,,{}
1779380815017,market_data,ws_connected,0.0,,{}
1779380815017,market_data,ws_disconnect_count,0.0,,{}
1779380815017,market_data,poll_ok,647.0,,{}
1779380815017,market_data,poll_err,0.0,,{}
1779380815017,market_data,poll_backoff_s,0.0,,{}
1779380815017,market_data,active_symbols,3.0,,{}
1779380815017,market_data,ready_symbols,3.0,,{}
1779380815017,market_data,ready_symbol_list,,,"{""value_json"": ""[\""BNBUSDT\"", \""BTCUSDT\"", \""ETHUSDT\""]""}"
1779380815017,market_data,stale_symbols,,,"{""value_json"": ""[]""}"
1779380815017,market_data,stale_global,0.0,,{}
1779380815017,ml,feature_updates,640.0,,{}
1779380815017,ml,prediction_count,0.0,,{}
1779380815017,ml,candidate_count,1.0,,{}
1779380815017,ml,ranking_count,1.0,,{}
1779380815017,ml,signal_count,0.0,,{}
1779380815017,ml,inference_failures,0.0,,{}
1779380815017,ml,fallback_predictions,0.0,,{}
1779380815017,ml,last_refresh_ts_ms,,,{}
1779380815017,ml,last_ranking_ts_ms,1779380812000.0,,{}
1779380815017,ml,top_symbols,,,"{""value_json"": ""[\""ETHUSDT\""]""}"
1779380815017,ml,shadow_prediction_count,3.0,,{}
1779380815017,ml,shadow_candidate_count,3.0,,{}
1779380815017,ml,shadow_signal_count,0.0,,{}
1779380815017,ml,shadow_would_trade_count,0.0,,{}
1779380815017,ml,shadow_blocked_execution_count,0.0,,{}
1779380815017,ml,parity_check_count,0.0,,{}
1779380815017,ml,parity_failure_count,0.0,,{}
1779380815017,execution,fills,0.0,,{}
1779380815017,execution,open_positions,0.0,,{}
1779380815017,execution,exposure,0.0,,{}
1779380815017,execution,realized_pnl,0.0,,{}
1779380815017,execution,unrealized_pnl,0.0,,{}
1779380815017,execution,equity,100.0,,{}
1779380815017,execution,cash,100.0,,{}
1779380815017,execution,rejected_orders,0.0,,{}
1779380815017,execution,open_orders,0.0,,{}
1779380815017,execution,broker_realized_pnl,0.0,,{}
1779380815017,execution,broker_trades,0.0,,{}
1779380815017,execution,broker_wins,0.0,,{}
1779380815017,execution,broker_losses,0.0,,{}
1779380815017,execution,broker_win_rate,0.0,,{}
1779380815017,execution,broker_avg_hold_s,0.0,,{}
1779380815017,execution,broker_current_losing_streak,0.0,,{}
1779380815017,execution,broker_worst_losing_streak,0.0,,{}
1779380815017,execution,broker_open_orders,0.0,,{}
1779380815017,execution,broker_broker_mode,,live_alpaca,{}
1779380815017,safety,safe_mode,0.0,,{}
1779380815017,safety,kill_switch,0.0,,{}
1779380815017,safety,runtime_health_status,,OK,{}
1779380815017,safety,api_errors,0.0,,{}
1779380815017,safety,order_rejections,0.0,,{}
1779380815017,safety,stale_data_violations,0.0,,{}
1779380815017,safety,health_messages,,,"{""value_json"": ""[]""}"
1779380815017,system,rss_memory_mb,92.691,,{}
1779380815017,system,thread_count,2.0,,{}
1779380815017,system,sqlite_size_mb,1884.46,,{}
1779380830064,runtime,uptime_seconds,300.541,,{}
1779380830064,runtime,runtime_profile,,dry_run,{}
1779380830064,runtime,process_start_ts,1779380529.0,,{}
1779380830064,runtime,process_start_ts_ms,1779380529524.0,,{}
1779380830064,runtime,pid,42498.0,,{}
1779380830064,runtime,heartbeat_age_seconds,0.0,,{}
1779380830064,market_data,ws_connected,0.0,,{}
1779380830064,market_data,ws_disconnect_count,0.0,,{}
1779380830064,market_data,poll_ok,681.0,,{}
1779380830064,market_data,poll_err,0.0,,{}
1779380830064,market_data,poll_backoff_s,0.0,,{}
1779380830064,market_data,active_symbols,3.0,,{}
1779380830064,market_data,ready_symbols,3.0,,{}
1779380830064,market_data,ready_symbol_list,,,"{""value_json"": ""[\""BNBUSDT\"", \""BTCUSDT\"", \""ETHUSDT\""]""}"
1779380830064,market_data,stale_symbols,,,"{""value_json"": ""[]""}"
1779380830064,market_data,stale_global,0.0,,{}
1779380830064,ml,feature_updates,674.0,,{}
1779380830064,ml,prediction_count,0.0,,{}
1779380830064,ml,candidate_count,1.0,,{}
1779380830064,ml,ranking_count,1.0,,{}
1779380830064,ml,signal_count,0.0,,{}
1779380830064,ml,inference_failures,0.0,,{}
1779380830064,ml,fallback_predictions,0.0,,{}
1779380830064,ml,last_refresh_ts_ms,,,{}
1779380830064,ml,last_ranking_ts_ms,1779380812000.0,,{}
1779380830064,ml,top_symbols,,,"{""value_json"": ""[\""ETHUSDT\""]""}"
1779380830064,ml,shadow_prediction_count,3.0,,{}
1779380830064,ml,shadow_candidate_count,3.0,,{}
1779380830064,ml,shadow_signal_count,0.0,,{}
1779380830064,ml,shadow_would_trade_count,0.0,,{}
1779380830064,ml,shadow_blocked_execution_count,0.0,,{}
1779380830064,ml,parity_check_count,0.0,,{}
1779380830064,ml,parity_failure_count,0.0,,{}
1779380830064,execution,fills,0.0,,{}
1779380830064,execution,open_positions,0.0,,{}
1779380830064,execution,exposure,0.0,,{}
1779380830064,execution,realized_pnl,0.0,,{}
1779380830064,execution,unrealized_pnl,0.0,,{}
1779380830064,execution,equity,100.0,,{}
1779380830064,execution,cash,100.0,,{}
1779380830064,execution,rejected_orders,0.0,,{}
1779380830064,execution,open_orders,0.0,,{}
1779380830064,execution,broker_realized_pnl,0.0,,{}
1779380830064,execution,broker_trades,0.0,,{}
1779380830064,execution,broker_wins,0.0,,{}
1779380830064,execution,broker_losses,0.0,,{}
1779380830064,execution,broker_win_rate,0.0,,{}
1779380830064,execution,broker_avg_hold_s,0.0,,{}
1779380830064,execution,broker_current_losing_streak,0.0,,{}
1779380830064,execution,broker_worst_losing_streak,0.0,,{}
1779380830064,execution,broker_open_orders,0.0,,{}
1779380830064,execution,broker_broker_mode,,live_alpaca,{}
1779380830064,safety,safe_mode,0.0,,{}
1779380830064,safety,kill_switch,0.0,,{}
1779380830064,safety,runtime_health_status,,OK,{}
1779380830064,safety,api_errors,0.0,,{}
1779380830064,safety,order_rejections,0.0,,{}
1779380830064,safety,stale_data_violations,0.0,,{}
1779380830064,safety,health_messages,,,"{""value_json"": ""[]""}"
1779380830064,system,rss_memory_mb,92.762,,{}
1779380830064,system,thread_count,2.0,,{}
1779380830064,system,sqlite_size_mb,1884.562,,{}
1779380845102,runtime,uptime_seconds,315.579,,{}
1779380845102,runtime,runtime_profile,,dry_run,{}
1779380845102,runtime,process_start_ts,1779380529.0,,{}
1779380845102,runtime,process_start_ts_ms,1779380529524.0,,{}
1779380845102,runtime,pid,42498.0,,{}
1779380845102,runtime,heartbeat_age_seconds,5.005,,{}
1779380845102,market_data,ws_connected,0.0,,{}
1779380845102,market_data,ws_disconnect_count,0.0,,{}
1779380845102,market_data,poll_ok,714.0,,{}
1779380845102,market_data,poll_err,0.0,,{}
1779380845102,market_data,poll_backoff_s,0.0,,{}
1779380845102,market_data,active_symbols,3.0,,{}
1779380845102,market_data,ready_symbols,3.0,,{}
1779380845102,market_data,ready_symbol_list,,,"{""value_json"": ""[\""BNBUSDT\"", \""BTCUSDT\"", \""ETHUSDT\""]""}"
1779380845102,market_data,stale_symbols,,,"{""value_json"": ""[]""}"
1779380845102,market_data,stale_global,0.0,,{}
1779380845102,ml,feature_updates,707.0,,{}
1779380845102,ml,prediction_count,0.0,,{}
1779380845102,ml,candidate_count,1.0,,{}
1779380845102,ml,ranking_count,1.0,,{}
1779380845102,ml,signal_count,0.0,,{}
1779380845102,ml,inference_failures,0.0,,{}
1779380845102,ml,fallback_predictions,0.0,,{}
1779380845102,ml,last_refresh_ts_ms,,,{}
1779380845102,ml,last_ranking_ts_ms,1779380812000.0,,{}
1779380845102,ml,top_symbols,,,"{""value_json"": ""[\""ETHUSDT\""]""}"
1779380845102,ml,shadow_prediction_count,3.0,,{}
1779380845102,ml,shadow_candidate_count,3.0,,{}
1779380845102,ml,shadow_signal_count,0.0,,{}
1779380845102,ml,shadow_would_trade_count,0.0,,{}
1779380845102,ml,shadow_blocked_execution_count,0.0,,{}
1779380845102,ml,parity_check_count,0.0,,{}
1779380845102,ml,parity_failure_count,0.0,,{}
1779380845102,execution,fills,0.0,,{}
1779380845102,execution,open_positions,0.0,,{}
1779380845102,execution,exposure,0.0,,{}
1779380845102,execution,realized_pnl,0.0,,{}
1779380845102,execution,unrealized_pnl,0.0,,{}
1779380845102,execution,equity,100.0,,{}
1779380845102,execution,cash,100.0,,{}
1779380845102,execution,rejected_orders,0.0,,{}
1779380845102,execution,open_orders,0.0,,{}
1779380845102,execution,broker_realized_pnl,0.0,,{}
1779380845102,execution,broker_trades,0.0,,{}
1779380845102,execution,broker_wins,0.0,,{}
1779380845102,execution,broker_losses,0.0,,{}
1779380845102,execution,broker_win_rate,0.0,,{}
1779380845102,execution,broker_avg_hold_s,0.0,,{}
1779380845102,execution,broker_current_losing_streak,0.0,,{}
1779380845102,execution,broker_worst_losing_streak,0.0,,{}
1779380845102,execution,broker_open_orders,0.0,,{}
1779380845102,execution,broker_broker_mode,,live_alpaca,{}
1779380845102,safety,safe_mode,0.0,,{}
1779380845102,safety,kill_switch,0.0,,{}
1779380845102,safety,runtime_health_status,,OK,{}
1779380845102,safety,api_errors,0.0,,{}
1779380845102,safety,order_rejections,0.0,,{}
1779380845102,safety,stale_data_violations,0.0,,{}
1779380845102,safety,health_messages,,,"{""value_json"": ""[]""}"
1779380845102,system,rss_memory_mb,92.832,,{}
1779380845102,system,thread_count,2.0,,{}
1779380845102,system,sqlite_size_mb,1884.562,,{}
1779380860118,runtime,uptime_seconds,330.595,,{}
1779380860118,runtime,runtime_profile,,dry_run,{}
1779380860118,runtime,process_start_ts,1779380529.0,,{}
1779380860118,runtime,process_start_ts_ms,1779380529524.0,,{}
1779380860118,runtime,pid,42498.0,,{}
1779380860118,runtime,heartbeat_age_seconds,0.0,,{}
1779380860118,market_data,ws_connected,0.0,,{}
1779380860118,market_data,ws_disconnect_count,0.0,,{}
1779380860118,market_data,poll_ok,751.0,,{}
1779380860118,market_data,poll_err,0.0,,{}
1779380860118,market_data,poll_backoff_s,0.0,,{}
1779380860118,market_data,active_symbols,3.0,,{}
1779380860118,market_data,ready_symbols,3.0,,{}
1779380860118,market_data,ready_symbol_list,,,"{""value_json"": ""[\""BNBUSDT\"", \""BTCUSDT\"", \""ETHUSDT\""]""}"
1779380860118,market_data,stale_symbols,,,"{""value_json"": ""[]""}"
1779380860118,market_data,stale_global,0.0,,{}
1779380860118,ml,feature_updates,744.0,,{}
1779380860118,ml,prediction_count,0.0,,{}
1779380860118,ml,candidate_count,1.0,,{}
1779380860118,ml,ranking_count,1.0,,{}
1779380860118,ml,signal_count,0.0,,{}
1779380860118,ml,inference_failures,0.0,,{}
1779380860118,ml,fallback_predictions,0.0,,{}
1779380860118,ml,last_refresh_ts_ms,,,{}
1779380860118,ml,last_ranking_ts_ms,1779380812000.0,,{}
1779380860118,ml,top_symbols,,,"{""value_json"": ""[\""ETHUSDT\""]""}"
1779380860118,ml,shadow_prediction_count,3.0,,{}
1779380860118,ml,shadow_candidate_count,3.0,,{}
1779380860118,ml,shadow_signal_count,0.0,,{}
1779380860118,ml,shadow_would_trade_count,0.0,,{}
1779380860118,ml,shadow_blocked_execution_count,0.0,,{}
1779380860118,ml,parity_check_count,0.0,,{}
1779380860118,ml,parity_failure_count,0.0,,{}
1779380860118,execution,fills,0.0,,{}
1779380860118,execution,open_positions,0.0,,{}
1779380860118,execution,exposure,0.0,,{}
1779380860118,execution,realized_pnl,0.0,,{}
1779380860118,execution,unrealized_pnl,0.0,,{}
1779380860118,execution,equity,100.0,,{}
1779380860118,execution,cash,100.0,,{}
1779380860118,execution,rejected_orders,0.0,,{}
1779380860118,execution,open_orders,0.0,,{}
1779380860118,execution,broker_realized_pnl,0.0,,{}
1779380860118,execution,broker_trades,0.0,,{}
1779380860118,execution,broker_wins,0.0,,{}
1779380860118,execution,broker_losses,0.0,,{}
1779380860118,execution,broker_win_rate,0.0,,{}
1779380860118,execution,broker_avg_hold_s,0.0,,{}
1779380860118,execution,broker_current_losing_streak,0.0,,{}
1779380860118,execution,broker_worst_losing_streak,0.0,,{}
1779380860118,execution,broker_open_orders,0.0,,{}
1779380860118,execution,broker_broker_mode,,live_alpaca,{}
1779380860118,safety,safe_mode,0.0,,{}
1779380860118,safety,kill_switch,0.0,,{}
1779380860118,safety,runtime_health_status,,OK,{}
1779380860118,safety,api_errors,0.0,,{}
1779380860118,safety,order_rejections,0.0,,{}
1779380860118,safety,stale_data_violations,0.0,,{}
1779380860118,safety,health_messages,,,"{""value_json"": ""[]""}"
1779380860118,system,rss_memory_mb,92.875,,{}
1779380860118,system,thread_count,2.0,,{}
1779380860118,system,sqlite_size_mb,1884.562,,{}
1779380875144,runtime,uptime_seconds,345.62,,{}
1779380875144,runtime,runtime_profile,,dry_run,{}
1779380875144,runtime,process_start_ts,1779380529.0,,{}
1779380875144,runtime,process_start_ts_ms,1779380529524.0,,{}
1779380875144,runtime,pid,42498.0,,{}
1779380875144,runtime,heartbeat_age_seconds,5.004,,{}
1779380875144,market_data,ws_connected,0.0,,{}
1779380875144,market_data,ws_disconnect_count,0.0,,{}
1779380875144,market_data,poll_ok,782.0,,{}
1779380875144,market_data,poll_err,0.0,,{}
1779380875144,market_data,poll_backoff_s,0.0,,{}
1779380875144,market_data,active_symbols,3.0,,{}
1779380875144,market_data,ready_symbols,3.0,,{}
1779380875144,market_data,ready_symbol_list,,,"{""value_json"": ""[\""BNBUSDT\"", \""BTCUSDT\"", \""ETHUSDT\""]""}"
1779380875144,market_data,stale_symbols,,,"{""value_json"": ""[]""}"
1779380875144,market_data,stale_global,0.0,,{}
1779380875144,ml,feature_updates,775.0,,{}
1779380875144,ml,prediction_count,0.0,,{}
1779380875144,ml,candidate_count,2.0,,{}
1779380875144,ml,ranking_count,1.0,,{}
1779380875144,ml,signal_count,0.0,,{}
1779380875144,ml,inference_failures,0.0,,{}
1779380875144,ml,fallback_predictions,0.0,,{}
1779380875144,ml,last_refresh_ts_ms,,,{}
1779380875144,ml,last_ranking_ts_ms,1779380872000.0,,{}
1779380875144,ml,top_symbols,,,"{""value_json"": ""[\""BTCUSDT\""]""}"
1779380875144,ml,shadow_prediction_count,5.0,,{}
1779380875144,ml,shadow_candidate_count,5.0,,{}
1779380875144,ml,shadow_signal_count,0.0,,{}
1779380875144,ml,shadow_would_trade_count,0.0,,{}
1779380875144,ml,shadow_blocked_execution_count,0.0,,{}
1779380875144,ml,parity_check_count,0.0,,{}
1779380875144,ml,parity_failure_count,0.0,,{}
1779380875144,execution,fills,0.0,,{}
1779380875144,execution,open_positions,0.0,,{}
1779380875144,execution,exposure,0.0,,{}
1779380875144,execution,realized_pnl,0.0,,{}
1779380875144,execution,unrealized_pnl,0.0,,{}
1779380875144,execution,equity,100.0,,{}
1779380875144,execution,cash,100.0,,{}
1779380875144,execution,rejected_orders,0.0,,{}
1779380875144,execution,open_orders,0.0,,{}
1779380875144,execution,broker_realized_pnl,0.0,,{}
1779380875144,execution,broker_trades,0.0,,{}
1779380875144,execution,broker_wins,0.0,,{}
1779380875144,execution,broker_losses,0.0,,{}
1779380875144,execution,broker_win_rate,0.0,,{}
1779380875144,execution,broker_avg_hold_s,0.0,,{}
1779380875144,execution,broker_current_losing_streak,0.0,,{}
1779380875144,execution,broker_worst_losing_streak,0.0,,{}
1779380875144,execution,broker_open_orders,0.0,,{}
1779380875144,execution,broker_broker_mode,,live_alpaca,{}
1779380875144,safety,safe_mode,0.0,,{}
1779380875144,safety,kill_switch,0.0,,{}
1779380875144,safety,runtime_health_status,,OK,{}
1779380875144,safety,api_errors,0.0,,{}
1779380875144,safety,order_rejections,0.0,,{}
1779380875144,safety,stale_data_violations,0.0,,{}
1779380875144,safety,health_messages,,,"{""value_json"": ""[]""}"
1779380875144,system,rss_memory_mb,92.883,,{}
1779380875144,system,thread_count,2.0,,{}
1779380875144,system,sqlite_size_mb,1884.562,,{}
1779380890161,runtime,uptime_seconds,360.638,,{}
1779380890161,runtime,runtime_profile,,dry_run,{}
1779380890161,runtime,process_start_ts,1779380529.0,,{}
1779380890161,runtime,process_start_ts_ms,1779380529524.0,,{}
1779380890161,runtime,pid,42498.0,,{}
1779380890161,runtime,heartbeat_age_seconds,0.0,,{}
1779380890161,market_data,ws_connected,0.0,,{}
1779380890161,market_data,ws_disconnect_count,0.0,,{}
1779380890161,market_data,poll_ok,816.0,,{}
1779380890161,market_data,poll_err,0.0,,{}
1779380890161,market_data,poll_backoff_s,0.0,,{}
1779380890161,market_data,active_symbols,3.0,,{}
1779380890161,market_data,ready_symbols,3.0,,{}
1779380890161,market_data,ready_symbol_list,,,"{""value_json"": ""[\""BNBUSDT\"", \""BTCUSDT\"", \""ETHUSDT\""]""}"
1779380890161,market_data,stale_symbols,,,"{""value_json"": ""[]""}"
1779380890161,market_data,stale_global,0.0,,{}
1779380890161,ml,feature_updates,809.0,,{}
1779380890161,ml,prediction_count,0.0,,{}
1779380890161,ml,candidate_count,2.0,,{}
1779380890161,ml,ranking_count,1.0,,{}
1779380890161,ml,signal_count,0.0,,{}
1779380890161,ml,inference_failures,0.0,,{}
1779380890161,ml,fallback_predictions,0.0,,{}
1779380890161,ml,last_refresh_ts_ms,,,{}
1779380890161,ml,last_ranking_ts_ms,1779380872000.0,,{}
1779380890161,ml,top_symbols,,,"{""value_json"": ""[\""BTCUSDT\""]""}"
1779380890161,ml,shadow_prediction_count,5.0,,{}
1779380890161,ml,shadow_candidate_count,5.0,,{}
1779380890161,ml,shadow_signal_count,0.0,,{}
1779380890161,ml,shadow_would_trade_count,0.0,,{}
1779380890161,ml,shadow_blocked_execution_count,0.0,,{}
1779380890161,ml,parity_check_count,0.0,,{}
1779380890161,ml,parity_failure_count,0.0,,{}
1779380890161,execution,fills,0.0,,{}
1779380890161,execution,open_positions,0.0,,{}
1779380890161,execution,exposure,0.0,,{}
1779380890161,execution,realized_pnl,0.0,,{}
1779380890161,execution,unrealized_pnl,0.0,,{}
1779380890161,execution,equity,100.0,,{}
1779380890161,execution,cash,100.0,,{}
1779380890161,execution,rejected_orders,0.0,,{}
1779380890161,execution,open_orders,0.0,,{}
1779380890161,execution,broker_realized_pnl,0.0,,{}
1779380890161,execution,broker_trades,0.0,,{}
1779380890161,execution,broker_wins,0.0,,{}
1779380890161,execution,broker_losses,0.0,,{}
1779380890161,execution,broker_win_rate,0.0,,{}
1779380890161,execution,broker_avg_hold_s,0.0,,{}
1779380890161,execution,broker_current_losing_streak,0.0,,{}
1779380890161,execution,broker_worst_losing_streak,0.0,,{}
1779380890161,execution,broker_open_orders,0.0,,{}
1779380890161,execution,broker_broker_mode,,live_alpaca,{}
1779380890161,safety,safe_mode,0.0,,{}
1779380890161,safety,kill_switch,0.0,,{}
1779380890161,safety,runtime_health_status,,OK,{}
1779380890161,safety,api_errors,0.0,,{}
1779380890161,safety,order_rejections,0.0,,{}
1779380890161,safety,stale_data_violations,0.0,,{}
1779380890161,safety,health_messages,,,"{""value_json"": ""[]""}"
1779380890161,system,rss_memory_mb,92.949,,{}
1779380890161,system,thread_count,2.0,,{}
1779380890161,system,sqlite_size_mb,1884.562,,{}
1779380905187,runtime,uptime_seconds,375.664,,{}
1779380905187,runtime,runtime_profile,,dry_run,{}
1779380905187,runtime,process_start_ts,1779380529.0,,{}
1779380905187,runtime,process_start_ts_ms,1779380529524.0,,{}
1779380905187,runtime,pid,42498.0,,{}
1779380905187,runtime,heartbeat_age_seconds,5.006,,{}
1779380905187,market_data,ws_connected,0.0,,{}
1779380905187,market_data,ws_disconnect_count,0.0,,{}
1779380905187,market_data,poll_ok,854.0,,{}
1779380905187,market_data,poll_err,0.0,,{}
1779380905187,market_data,poll_backoff_s,0.0,,{}
1779380905187,market_data,active_symbols,3.0,,{}
1779380905187,market_data,ready_symbols,3.0,,{}
1779380905187,market_data,ready_symbol_list,,,"{""value_json"": ""[\""BNBUSDT\"", \""BTCUSDT\"", \""ETHUSDT\""]""}"
1779380905187,market_data,stale_symbols,,,"{""value_json"": ""[]""}"
1779380905187,market_data,stale_global,0.0,,{}
1779380905187,ml,feature_updates,846.0,,{}
1779380905187,ml,prediction_count,0.0,,{}
1779380905187,ml,candidate_count,2.0,,{}
1779380905187,ml,ranking_count,1.0,,{}
1779380905187,ml,signal_count,0.0,,{}
1779380905187,ml,inference_failures,0.0,,{}
1779380905187,ml,fallback_predictions,0.0,,{}
1779380905187,ml,last_refresh_ts_ms,,,{}
1779380905187,ml,last_ranking_ts_ms,1779380872000.0,,{}
1779380905187,ml,top_symbols,,,"{""value_json"": ""[\""BTCUSDT\""]""}"
1779380905187,ml,shadow_prediction_count,5.0,,{}
1779380905187,ml,shadow_candidate_count,5.0,,{}
1779380905187,ml,shadow_signal_count,0.0,,{}
1779380905187,ml,shadow_would_trade_count,0.0,,{}
1779380905187,ml,shadow_blocked_execution_count,0.0,,{}
1779380905187,ml,parity_check_count,0.0,,{}
1779380905187,ml,parity_failure_count,0.0,,{}
1779380905187,execution,fills,0.0,,{}
1779380905187,execution,open_positions,0.0,,{}
1779380905187,execution,exposure,0.0,,{}
1779380905187,execution,realized_pnl,0.0,,{}
1779380905187,execution,unrealized_pnl,0.0,,{}
1779380905187,execution,equity,100.0,,{}
1779380905187,execution,cash,100.0,,{}
1779380905187,execution,rejected_orders,0.0,,{}
1779380905187,execution,open_orders,0.0,,{}
1779380905187,execution,broker_realized_pnl,0.0,,{}
1779380905187,execution,broker_trades,0.0,,{}
1779380905187,execution,broker_wins,0.0,,{}
1779380905187,execution,broker_losses,0.0,,{}
1779380905187,execution,broker_win_rate,0.0,,{}
1779380905187,execution,broker_avg_hold_s,0.0,,{}
1779380905187,execution,broker_current_losing_streak,0.0,,{}
1779380905187,execution,broker_worst_losing_streak,0.0,,{}
1779380905187,execution,broker_open_orders,0.0,,{}
1779380905187,execution,broker_broker_mode,,live_alpaca,{}
1779380905187,safety,safe_mode,0.0,,{}
1779380905187,safety,kill_switch,0.0,,{}
1779380905187,safety,runtime_health_status,,OK,{}
1779380905187,safety,api_errors,0.0,,{}
1779380905187,safety,order_rejections,0.0,,{}
1779380905187,safety,stale_data_violations,0.0,,{}
1779380905187,safety,health_messages,,,"{""value_json"": ""[]""}"
1779380905187,system,rss_memory_mb,92.949,,{}
1779380905187,system,thread_count,2.0,,{}
1779380905187,system,sqlite_size_mb,1884.684,,{}
1779380920206,runtime,uptime_seconds,390.683,,{}
1779380920206,runtime,runtime_profile,,dry_run,{}
1779380920206,runtime,process_start_ts,1779380529.0,,{}
1779380920206,runtime,process_start_ts_ms,1779380529524.0,,{}
1779380920206,runtime,pid,42498.0,,{}
1779380920206,runtime,heartbeat_age_seconds,0.0,,{}
1779380920206,market_data,ws_connected,0.0,,{}
1779380920206,market_data,ws_disconnect_count,0.0,,{}
1779380920206,market_data,poll_ok,888.0,,{}
1779380920206,market_data,poll_err,0.0,,{}
1779380920206,market_data,poll_backoff_s,0.0,,{}
1779380920206,market_data,active_symbols,3.0,,{}
1779380920206,market_data,ready_symbols,3.0,,{}
1779380920206,market_data,ready_symbol_list,,,"{""value_json"": ""[\""BNBUSDT\"", \""BTCUSDT\"", \""ETHUSDT\""]""}"
1779380920206,market_data,stale_symbols,,,"{""value_json"": ""[]""}"
1779380920206,market_data,stale_global,0.0,,{}
1779380920206,ml,feature_updates,880.0,,{}
1779380920206,ml,prediction_count,0.0,,{}
1779380920206,ml,candidate_count,2.0,,{}
1779380920206,ml,ranking_count,1.0,,{}
1779380920206,ml,signal_count,0.0,,{}
1779380920206,ml,inference_failures,0.0,,{}
1779380920206,ml,fallback_predictions,0.0,,{}
1779380920206,ml,last_refresh_ts_ms,,,{}
1779380920206,ml,last_ranking_ts_ms,1779380872000.0,,{}
1779380920206,ml,top_symbols,,,"{""value_json"": ""[\""BTCUSDT\""]""}"
1779380920206,ml,shadow_prediction_count,5.0,,{}
1779380920206,ml,shadow_candidate_count,5.0,,{}
1779380920206,ml,shadow_signal_count,0.0,,{}
1779380920206,ml,shadow_would_trade_count,0.0,,{}
1779380920206,ml,shadow_blocked_execution_count,0.0,,{}
1779380920206,ml,parity_check_count,0.0,,{}
1779380920206,ml,parity_failure_count,0.0,,{}
1779380920206,execution,fills,0.0,,{}
1779380920206,execution,open_positions,0.0,,{}
1779380920206,execution,exposure,0.0,,{}
1779380920206,execution,realized_pnl,0.0,,{}
1779380920206,execution,unrealized_pnl,0.0,,{}
1779380920206,execution,equity,100.0,,{}
1779380920206,execution,cash,100.0,,{}
1779380920206,execution,rejected_orders,0.0,,{}
1779380920206,execution,open_orders,0.0,,{}
1779380920206,execution,broker_realized_pnl,0.0,,{}
1779380920206,execution,broker_trades,0.0,,{}
1779380920206,execution,broker_wins,0.0,,{}
1779380920206,execution,broker_losses,0.0,,{}
1779380920206,execution,broker_win_rate,0.0,,{}
1779380920206,execution,broker_avg_hold_s,0.0,,{}
1779380920206,execution,broker_current_losing_streak,0.0,,{}
1779380920206,execution,broker_worst_losing_streak,0.0,,{}
1779380920206,execution,broker_open_orders,0.0,,{}
1779380920206,execution,broker_broker_mode,,live_alpaca,{}
1779380920206,safety,safe_mode,0.0,,{}
1779380920206,safety,kill_switch,0.0,,{}
1779380920206,safety,runtime_health_status,,OK,{}
1779380920206,safety,api_errors,0.0,,{}
1779380920206,safety,order_rejections,0.0,,{}
1779380920206,safety,stale_data_violations,0.0,,{}
1779380920206,safety,health_messages,,,"{""value_json"": ""[]""}"
1779380920206,system,rss_memory_mb,92.949,,{}
1779380920206,system,thread_count,2.0,,{}
1779380920206,system,sqlite_size_mb,1884.684,,{}
1779380935222,runtime,uptime_seconds,405.699,,{}
1779380935222,runtime,runtime_profile,,dry_run,{}
1779380935222,runtime,process_start_ts,1779380529.0,,{}
1779380935222,runtime,process_start_ts_ms,1779380529524.0,,{}
1779380935222,runtime,pid,42498.0,,{}
1779380935222,runtime,heartbeat_age_seconds,5.004,,{}
1779380935222,market_data,ws_connected,0.0,,{}
1779380935222,market_data,ws_disconnect_count,0.0,,{}
1779380935222,market_data,poll_ok,924.0,,{}
1779380935222,market_data,poll_err,0.0,,{}
1779380935222,market_data,poll_backoff_s,0.0,,{}
1779380935222,market_data,active_symbols,3.0,,{}
1779380935222,market_data,ready_symbols,3.0,,{}
1779380935222,market_data,ready_symbol_list,,,"{""value_json"": ""[\""BNBUSDT\"", \""BTCUSDT\"", \""ETHUSDT\""]""}"
1779380935222,market_data,stale_symbols,,,"{""value_json"": ""[]""}"
1779380935222,market_data,stale_global,0.0,,{}
1779380935222,ml,feature_updates,916.0,,{}
1779380935222,ml,prediction_count,0.0,,{}
1779380935222,ml,candidate_count,2.0,,{}
1779380935222,ml,ranking_count,1.0,,{}
1779380935222,ml,signal_count,0.0,,{}
1779380935222,ml,inference_failures,0.0,,{}
1779380935222,ml,fallback_predictions,0.0,,{}
1779380935222,ml,last_refresh_ts_ms,,,{}
1779380935222,ml,last_ranking_ts_ms,1779380932000.0,,{}
1779380935222,ml,top_symbols,,,"{""value_json"": ""[\""ETHUSDT\""]""}"
1779380935222,ml,shadow_prediction_count,7.0,,{}
1779380935222,ml,shadow_candidate_count,7.0,,{}
1779380935222,ml,shadow_signal_count,0.0,,{}
1779380935222,ml,shadow_would_trade_count,0.0,,{}
1779380935222,ml,shadow_blocked_execution_count,0.0,,{}
1779380935222,ml,parity_check_count,0.0,,{}
1779380935222,ml,parity_failure_count,0.0,,{}
1779380935222,execution,fills,0.0,,{}
1779380935222,execution,open_positions,0.0,,{}
1779380935222,execution,exposure,0.0,,{}
1779380935222,execution,realized_pnl,0.0,,{}
1779380935222,execution,unrealized_pnl,0.0,,{}
1779380935222,execution,equity,100.0,,{}
1779380935222,execution,cash,100.0,,{}
1779380935222,execution,rejected_orders,0.0,,{}
1779380935222,execution,open_orders,0.0,,{}
1779380935222,execution,broker_realized_pnl,0.0,,{}
1779380935222,execution,broker_trades,0.0,,{}
1779380935222,execution,broker_wins,0.0,,{}
1779380935222,execution,broker_losses,0.0,,{}
1779380935222,execution,broker_win_rate,0.0,,{}
1779380935222,execution,broker_avg_hold_s,0.0,,{}
1779380935222,execution,broker_current_losing_streak,0.0,,{}
1779380935222,execution,broker_worst_losing_streak,0.0,,{}
1779380935222,execution,broker_open_orders,0.0,,{}
1779380935222,execution,broker_broker_mode,,live_alpaca,{}
1779380935222,safety,safe_mode,0.0,,{}
1779380935222,safety,kill_switch,0.0,,{}
1779380935222,safety,runtime_health_status,,OK,{}
1779380935222,safety,api_errors,0.0,,{}
1779380935222,safety,order_rejections,0.0,,{}
1779380935222,safety,stale_data_violations,0.0,,{}
1779380935222,safety,health_messages,,,"{""value_json"": ""[]""}"
1779380935222,system,rss_memory_mb,93.0,,{}
1779380935222,system,thread_count,2.0,,{}
1779380935222,system,sqlite_size_mb,1884.684,,{}
1779380950242,runtime,uptime_seconds,420.718,,{}
1779380950242,runtime,runtime_profile,,dry_run,{}
1779380950242,runtime,process_start_ts,1779380529.0,,{}
1779380950242,runtime,process_start_ts_ms,1779380529524.0,,{}
1779380950242,runtime,pid,42498.0,,{}
1779380950242,runtime,heartbeat_age_seconds,0.0,,{}
1779380950242,market_data,ws_connected,0.0,,{}
1779380950242,market_data,ws_disconnect_count,0.0,,{}
1779380950242,market_data,poll_ok,954.0,,{}
1779380950242,market_data,poll_err,0.0,,{}
1779380950242,market_data,poll_backoff_s,0.0,,{}
1779380950242,market_data,active_symbols,3.0,,{}
1779380950242,market_data,ready_symbols,3.0,,{}
1779380950242,market_data,ready_symbol_list,,,"{""value_json"": ""[\""BNBUSDT\"", \""BTCUSDT\"", \""ETHUSDT\""]""}"
1779380950242,market_data,stale_symbols,,,"{""value_json"": ""[]""}"
1779380950242,market_data,stale_global,0.0,,{}
1779380950242,ml,feature_updates,946.0,,{}
1779380950242,ml,prediction_count,0.0,,{}
1779380950242,ml,candidate_count,2.0,,{}
1779380950242,ml,ranking_count,1.0,,{}
1779380950242,ml,signal_count,0.0,,{}
1779380950242,ml,inference_failures,0.0,,{}
1779380950242,ml,fallback_predictions,0.0,,{}
1779380950242,ml,last_refresh_ts_ms,,,{}
1779380950242,ml,last_ranking_ts_ms,1779380932000.0,,{}
1779380950242,ml,top_symbols,,,"{""value_json"": ""[\""ETHUSDT\""]""}"
1779380950242,ml,shadow_prediction_count,7.0,,{}
1779380950242,ml,shadow_candidate_count,7.0,,{}
1779380950242,ml,shadow_signal_count,0.0,,{}
1779380950242,ml,shadow_would_trade_count,0.0,,{}
1779380950242,ml,shadow_blocked_execution_count,0.0,,{}
1779380950242,ml,parity_check_count,0.0,,{}
1779380950242,ml,parity_failure_count,0.0,,{}
1779380950242,execution,fills,0.0,,{}
1779380950242,execution,open_positions,0.0,,{}
1779380950242,execution,exposure,0.0,,{}
1779380950242,execution,realized_pnl,0.0,,{}
1779380950242,execution,unrealized_pnl,0.0,,{}
1779380950242,execution,equity,100.0,,{}
1779380950242,execution,cash,100.0,,{}
1779380950242,execution,rejected_orders,0.0,,{}
1779380950242,execution,open_orders,0.0,,{}
1779380950242,execution,broker_realized_pnl,0.0,,{}
1779380950242,execution,broker_trades,0.0,,{}
1779380950242,execution,broker_wins,0.0,,{}
1779380950242,execution,broker_losses,0.0,,{}
1779380950242,execution,broker_win_rate,0.0,,{}
1779380950242,execution,broker_avg_hold_s,0.0,,{}
1779380950242,execution,broker_current_losing_streak,0.0,,{}
1779380950242,execution,broker_worst_losing_streak,0.0,,{}
1779380950242,execution,broker_open_orders,0.0,,{}
1779380950242,execution,broker_broker_mode,,live_alpaca,{}
1779380950242,safety,safe_mode,0.0,,{}
1779380950242,safety,kill_switch,0.0,,{}
1779380950242,safety,runtime_health_status,,OK,{}
1779380950242,safety,api_errors,0.0,,{}
1779380950242,safety,order_rejections,0.0,,{}
1779380950242,safety,stale_data_violations,0.0,,{}
1779380950242,safety,health_messages,,,"{""value_json"": ""[]""}"
1779380950242,system,rss_memory_mb,93.078,,{}
1779380950242,system,thread_count,2.0,,{}
1779380950242,system,sqlite_size_mb,1884.684,,{}
1779380965256,runtime,uptime_seconds,435.733,,{}
1779380965256,runtime,runtime_profile,,dry_run,{}
1779380965256,runtime,process_start_ts,1779380529.0,,{}
1779380965256,runtime,process_start_ts_ms,1779380529524.0,,{}
1779380965256,runtime,pid,42498.0,,{}
1779380965256,runtime,heartbeat_age_seconds,5.005,,{}
1779380965256,market_data,ws_connected,0.0,,{}
1779380965256,market_data,ws_disconnect_count,0.0,,{}
1779380965256,market_data,poll_ok,990.0,,{}
1779380965256,market_data,poll_err,0.0,,{}
1779380965256,market_data,poll_backoff_s,0.0,,{}
1779380965256,market_data,active_symbols,3.0,,{}
1779380965256,market_data,ready_symbols,3.0,,{}
1779380965256,market_data,ready_symbol_list,,,"{""value_json"": ""[\""BNBUSDT\"", \""BTCUSDT\"", \""ETHUSDT\""]""}"
1779380965256,market_data,stale_symbols,,,"{""value_json"": ""[]""}"
1779380965256,market_data,stale_global,0.0,,{}
1779380965256,ml,feature_updates,980.0,,{}
1779380965256,ml,prediction_count,0.0,,{}
1779380965256,ml,candidate_count,2.0,,{}
1779380965256,ml,ranking_count,1.0,,{}
1779380965256,ml,signal_count,0.0,,{}
1779380965256,ml,inference_failures,0.0,,{}
1779380965256,ml,fallback_predictions,0.0,,{}
1779380965256,ml,last_refresh_ts_ms,,,{}
1779380965256,ml,last_ranking_ts_ms,1779380932000.0,,{}
1779380965256,ml,top_symbols,,,"{""value_json"": ""[\""ETHUSDT\""]""}"
1779380965256,ml,shadow_prediction_count,7.0,,{}
1779380965256,ml,shadow_candidate_count,7.0,,{}
1779380965256,ml,shadow_signal_count,0.0,,{}
1779380965256,ml,shadow_would_trade_count,0.0,,{}
1779380965256,ml,shadow_blocked_execution_count,0.0,,{}
1779380965256,ml,parity_check_count,0.0,,{}
1779380965256,ml,parity_failure_count,0.0,,{}
1779380965256,execution,fills,0.0,,{}
1779380965256,execution,open_positions,0.0,,{}
1779380965256,execution,exposure,0.0,,{}
1779380965256,execution,realized_pnl,0.0,,{}
1779380965256,execution,unrealized_pnl,0.0,,{}
1779380965256,execution,equity,100.0,,{}
1779380965256,execution,cash,100.0,,{}
1779380965256,execution,rejected_orders,0.0,,{}
1779380965256,execution,open_orders,0.0,,{}
1779380965256,execution,broker_realized_pnl,0.0,,{}
1779380965256,execution,broker_trades,0.0,,{}
1779380965256,execution,broker_wins,0.0,,{}
1779380965256,execution,broker_losses,0.0,,{}
1779380965256,execution,broker_win_rate,0.0,,{}
1779380965256,execution,broker_avg_hold_s,0.0,,{}
1779380965256,execution,broker_current_losing_streak,0.0,,{}
1779380965256,execution,broker_worst_losing_streak,0.0,,{}
1779380965256,execution,broker_open_orders,0.0,,{}
1779380965256,execution,broker_broker_mode,,live_alpaca,{}
1779380965256,safety,safe_mode,0.0,,{}
1779380965256,safety,kill_switch,0.0,,{}
1779380965256,safety,runtime_health_status,,OK,{}
1779380965256,safety,api_errors,0.0,,{}
1779380965256,safety,order_rejections,0.0,,{}
1779380965256,safety,stale_data_violations,0.0,,{}
1779380965256,safety,health_messages,,,"{""value_json"": ""[]""}"
1779380965256,system,rss_memory_mb,93.098,,{}
1779380965256,system,thread_count,2.0,,{}
1779380965256,system,sqlite_size_mb,1884.738,,{}
1779380980283,runtime,uptime_seconds,450.759,,{}
1779380980283,runtime,runtime_profile,,dry_run,{}
1779380980283,runtime,process_start_ts,1779380529.0,,{}
1779380980283,runtime,process_start_ts_ms,1779380529524.0,,{}
1779380980283,runtime,pid,42498.0,,{}
1779380980283,runtime,heartbeat_age_seconds,0.0,,{}
1779380980283,market_data,ws_connected,0.0,,{}
1779380980283,market_data,ws_disconnect_count,0.0,,{}
1779380980283,market_data,poll_ok,1026.0,,{}
1779380980283,market_data,poll_err,0.0,,{}
1779380980283,market_data,poll_backoff_s,0.0,,{}
1779380980283,market_data,active_symbols,3.0,,{}
1779380980283,market_data,ready_symbols,3.0,,{}
1779380980283,market_data,ready_symbol_list,,,"{""value_json"": ""[\""BNBUSDT\"", \""BTCUSDT\"", \""ETHUSDT\""]""}"
1779380980283,market_data,stale_symbols,,,"{""value_json"": ""[]""}"
1779380980283,market_data,stale_global,0.0,,{}
1779380980283,ml,feature_updates,1016.0,,{}
1779380980283,ml,prediction_count,0.0,,{}
1779380980283,ml,candidate_count,2.0,,{}
1779380980283,ml,ranking_count,1.0,,{}
1779380980283,ml,signal_count,0.0,,{}
1779380980283,ml,inference_failures,0.0,,{}
1779380980283,ml,fallback_predictions,0.0,,{}
1779380980283,ml,last_refresh_ts_ms,,,{}
1779380980283,ml,last_ranking_ts_ms,1779380932000.0,,{}
1779380980283,ml,top_symbols,,,"{""value_json"": ""[\""ETHUSDT\""]""}"
1779380980283,ml,shadow_prediction_count,7.0,,{}
1779380980283,ml,shadow_candidate_count,7.0,,{}
1779380980283,ml,shadow_signal_count,0.0,,{}
1779380980283,ml,shadow_would_trade_count,0.0,,{}
1779380980283,ml,shadow_blocked_execution_count,0.0,,{}
1779380980283,ml,parity_check_count,0.0,,{}
1779380980283,ml,parity_failure_count,0.0,,{}
1779380980283,execution,fills,0.0,,{}
1779380980283,execution,open_positions,0.0,,{}
1779380980283,execution,exposure,0.0,,{}
1779380980283,execution,realized_pnl,0.0,,{}
1779380980283,execution,unrealized_pnl,0.0,,{}
1779380980283,execution,equity,100.0,,{}
1779380980283,execution,cash,100.0,,{}
1779380980283,execution,rejected_orders,0.0,,{}
1779380980283,execution,open_orders,0.0,,{}
1779380980283,execution,broker_realized_pnl,0.0,,{}
1779380980283,execution,broker_trades,0.0,,{}
1779380980283,execution,broker_wins,0.0,,{}
1779380980283,execution,broker_losses,0.0,,{}
1779380980283,execution,broker_win_rate,0.0,,{}
1779380980283,execution,broker_avg_hold_s,0.0,,{}
1779380980283,execution,broker_current_losing_streak,0.0,,{}
1779380980283,execution,broker_worst_losing_streak,0.0,,{}
1779380980283,execution,broker_open_orders,0.0,,{}
1779380980283,execution,broker_broker_mode,,live_alpaca,{}
1779380980283,safety,safe_mode,0.0,,{}
1779380980283,safety,kill_switch,0.0,,{}
1779380980283,safety,runtime_health_status,,OK,{}
1779380980283,safety,api_errors,0.0,,{}
1779380980283,safety,order_rejections,0.0,,{}
1779380980283,safety,stale_data_violations,0.0,,{}
1779380980283,safety,health_messages,,,"{""value_json"": ""[]""}"
1779380980283,system,rss_memory_mb,93.984,,{}
1779380980283,system,thread_count,2.0,,{}
1779380980283,system,sqlite_size_mb,1884.738,,{}
1779380995307,runtime,uptime_seconds,465.784,,{}
1779380995307,runtime,runtime_profile,,dry_run,{}
1779380995307,runtime,process_start_ts,1779380529.0,,{}
1779380995307,runtime,process_start_ts_ms,1779380529524.0,,{}
1779380995307,runtime,pid,42498.0,,{}
1779380995307,runtime,heartbeat_age_seconds,5.013,,{}
1779380995307,market_data,ws_connected,0.0,,{}
1779380995307,market_data,ws_disconnect_count,0.0,,{}
1779380995307,market_data,poll_ok,1060.0,,{}
1779380995307,market_data,poll_err,0.0,,{}
1779380995307,market_data,poll_backoff_s,0.0,,{}
1779380995307,market_data,active_symbols,3.0,,{}
1779380995307,market_data,ready_symbols,3.0,,{}
1779380995307,market_data,ready_symbol_list,,,"{""value_json"": ""[\""BNBUSDT\"", \""BTCUSDT\"", \""ETHUSDT\""]""}"
1779380995307,market_data,stale_symbols,,,"{""value_json"": ""[]""}"
1779380995307,market_data,stale_global,0.0,,{}
1779380995307,ml,feature_updates,1050.0,,{}
1779380995307,ml,prediction_count,0.0,,{}
1779380995307,ml,candidate_count,2.0,,{}
1779380995307,ml,ranking_count,1.0,,{}
1779380995307,ml,signal_count,0.0,,{}
1779380995307,ml,inference_failures,0.0,,{}
1779380995307,ml,fallback_predictions,0.0,,{}
1779380995307,ml,last_refresh_ts_ms,,,{}
1779380995307,ml,last_ranking_ts_ms,1779380992000.0,,{}
1779380995307,ml,top_symbols,,,"{""value_json"": ""[\""BTCUSDT\""]""}"
1779380995307,ml,shadow_prediction_count,9.0,,{}
1779380995307,ml,shadow_candidate_count,9.0,,{}
1779380995307,ml,shadow_signal_count,0.0,,{}
1779380995307,ml,shadow_would_trade_count,0.0,,{}
1779380995307,ml,shadow_blocked_execution_count,0.0,,{}
1779380995307,ml,parity_check_count,0.0,,{}
1779380995307,ml,parity_failure_count,0.0,,{}
1779380995307,execution,fills,0.0,,{}
1779380995307,execution,open_positions,0.0,,{}
1779380995307,execution,exposure,0.0,,{}
1779380995307,execution,realized_pnl,0.0,,{}
1779380995307,execution,unrealized_pnl,0.0,,{}
1779380995307,execution,equity,100.0,,{}
1779380995307,execution,cash,100.0,,{}
1779380995307,execution,rejected_orders,0.0,,{}
1779380995307,execution,open_orders,0.0,,{}
1779380995307,execution,broker_realized_pnl,0.0,,{}
1779380995307,execution,broker_trades,0.0,,{}
1779380995307,execution,broker_wins,0.0,,{}
1779380995307,execution,broker_losses,0.0,,{}
1779380995307,execution,broker_win_rate,0.0,,{}
1779380995307,execution,broker_avg_hold_s,0.0,,{}
1779380995307,execution,broker_current_losing_streak,0.0,,{}
1779380995307,execution,broker_worst_losing_streak,0.0,,{}
1779380995307,execution,broker_open_orders,0.0,,{}
1779380995307,execution,broker_broker_mode,,live_alpaca,{}
1779380995307,safety,safe_mode,0.0,,{}
1779380995307,safety,kill_switch,0.0,,{}
1779380995307,safety,runtime_health_status,,OK,{}
1779380995307,safety,api_errors,0.0,,{}
1779380995307,safety,order_rejections,0.0,,{}
1779380995307,safety,stale_data_violations,0.0,,{}
1779380995307,safety,health_messages,,,"{""value_json"": ""[]""}"
1779380995307,system,rss_memory_mb,93.984,,{}
1779380995307,system,thread_count,2.0,,{}
1779380995307,system,sqlite_size_mb,1884.738,,{}
1779381010324,runtime,uptime_seconds,480.8,,{}
1779381010324,runtime,runtime_profile,,dry_run,{}
1779381010324,runtime,process_start_ts,1779380529.0,,{}
1779381010324,runtime,process_start_ts_ms,1779380529524.0,,{}
1779381010324,runtime,pid,42498.0,,{}
1779381010324,runtime,heartbeat_age_seconds,0.0,,{}
1779381010324,market_data,ws_connected,0.0,,{}
1779381010324,market_data,ws_disconnect_count,0.0,,{}
1779381010324,market_data,poll_ok,1095.0,,{}
1779381010324,market_data,poll_err,0.0,,{}
1779381010324,market_data,poll_backoff_s,0.0,,{}
1779381010324,market_data,active_symbols,3.0,,{}
1779381010324,market_data,ready_symbols,3.0,,{}
1779381010324,market_data,ready_symbol_list,,,"{""value_json"": ""[\""BNBUSDT\"", \""BTCUSDT\"", \""ETHUSDT\""]""}"
1779381010324,market_data,stale_symbols,,,"{""value_json"": ""[]""}"
1779381010324,market_data,stale_global,0.0,,{}
1779381010324,ml,feature_updates,1085.0,,{}
1779381010324,ml,prediction_count,0.0,,{}
1779381010324,ml,candidate_count,2.0,,{}
1779381010324,ml,ranking_count,1.0,,{}
1779381010324,ml,signal_count,0.0,,{}
1779381010324,ml,inference_failures,0.0,,{}
1779381010324,ml,fallback_predictions,0.0,,{}
1779381010324,ml,last_refresh_ts_ms,,,{}
1779381010324,ml,last_ranking_ts_ms,1779380992000.0,,{}
1779381010324,ml,top_symbols,,,"{""value_json"": ""[\""BTCUSDT\""]""}"
1779381010324,ml,shadow_prediction_count,9.0,,{}
1779381010324,ml,shadow_candidate_count,9.0,,{}
1779381010324,ml,shadow_signal_count,0.0,,{}
1779381010324,ml,shadow_would_trade_count,0.0,,{}
1779381010324,ml,shadow_blocked_execution_count,0.0,,{}
1779381010324,ml,parity_check_count,0.0,,{}
1779381010324,ml,parity_failure_count,0.0,,{}
1779381010324,execution,fills,0.0,,{}
1779381010324,execution,open_positions,0.0,,{}
1779381010324,execution,exposure,0.0,,{}
1779381010324,execution,realized_pnl,0.0,,{}
1779381010324,execution,unrealized_pnl,0.0,,{}
1779381010324,execution,equity,100.0,,{}
1779381010324,execution,cash,100.0,,{}
1779381010324,execution,rejected_orders,0.0,,{}
1779381010324,execution,open_orders,0.0,,{}
1779381010324,execution,broker_realized_pnl,0.0,,{}
1779381010324,execution,broker_trades,0.0,,{}
1779381010324,execution,broker_wins,0.0,,{}
1779381010324,execution,broker_losses,0.0,,{}
1779381010324,execution,broker_win_rate,0.0,,{}
1779381010324,execution,broker_avg_hold_s,0.0,,{}
1779381010324,execution,broker_current_losing_streak,0.0,,{}
1779381010324,execution,broker_worst_losing_streak,0.0,,{}
1779381010324,execution,broker_open_orders,0.0,,{}
1779381010324,execution,broker_broker_mode,,live_alpaca,{}
1779381010324,safety,safe_mode,0.0,,{}
1779381010324,safety,kill_switch,0.0,,{}
1779381010324,safety,runtime_health_status,,OK,{}
1779381010324,safety,api_errors,0.0,,{}
1779381010324,safety,order_rejections,0.0,,{}
1779381010324,safety,stale_data_violations,0.0,,{}
1779381010324,safety,health_messages,,,"{""value_json"": ""[]""}"
1779381010324,system,rss_memory_mb,93.984,,{}
1779381010324,system,thread_count,2.0,,{}
1779381010324,system,sqlite_size_mb,1884.738,,{}
1779381025357,runtime,uptime_seconds,495.833,,{}
1779381025357,runtime,runtime_profile,,dry_run,{}
1779381025357,runtime,process_start_ts,1779380529.0,,{}
1779381025357,runtime,process_start_ts_ms,1779380529524.0,,{}
1779381025357,runtime,pid,42498.0,,{}
1779381025357,runtime,heartbeat_age_seconds,5.005,,{}
1779381025357,market_data,ws_connected,0.0,,{}
1779381025357,market_data,ws_disconnect_count,0.0,,{}
1779381025357,market_data,poll_ok,1129.0,,{}
1779381025357,market_data,poll_err,0.0,,{}
1779381025357,market_data,poll_backoff_s,0.0,,{}
1779381025357,market_data,active_symbols,3.0,,{}
1779381025357,market_data,ready_symbols,3.0,,{}
1779381025357,market_data,ready_symbol_list,,,"{""value_json"": ""[\""BNBUSDT\"", \""BTCUSDT\"", \""ETHUSDT\""]""}"
1779381025357,market_data,stale_symbols,,,"{""value_json"": ""[]""}"
1779381025357,market_data,stale_global,0.0,,{}
1779381025357,ml,feature_updates,1119.0,,{}
1779381025357,ml,prediction_count,0.0,,{}
1779381025357,ml,candidate_count,2.0,,{}
1779381025357,ml,ranking_count,1.0,,{}
1779381025357,ml,signal_count,0.0,,{}
1779381025357,ml,inference_failures,0.0,,{}
1779381025357,ml,fallback_predictions,0.0,,{}
1779381025357,ml,last_refresh_ts_ms,,,{}
1779381025357,ml,last_ranking_ts_ms,1779380992000.0,,{}
1779381025357,ml,top_symbols,,,"{""value_json"": ""[\""BTCUSDT\""]""}"
1779381025357,ml,shadow_prediction_count,9.0,,{}
1779381025357,ml,shadow_candidate_count,9.0,,{}
1779381025357,ml,shadow_signal_count,0.0,,{}
1779381025357,ml,shadow_would_trade_count,0.0,,{}
1779381025357,ml,shadow_blocked_execution_count,0.0,,{}
1779381025357,ml,parity_check_count,0.0,,{}
1779381025357,ml,parity_failure_count,0.0,,{}
1779381025357,execution,fills,0.0,,{}
1779381025357,execution,open_positions,0.0,,{}
1779381025357,execution,exposure,0.0,,{}
1779381025357,execution,realized_pnl,0.0,,{}
1779381025357,execution,unrealized_pnl,0.0,,{}
1779381025357,execution,equity,100.0,,{}
1779381025357,execution,cash,100.0,,{}
1779381025357,execution,rejected_orders,0.0,,{}
1779381025357,execution,open_orders,0.0,,{}
1779381025357,execution,broker_realized_pnl,0.0,,{}
1779381025357,execution,broker_trades,0.0,,{}
1779381025357,execution,broker_wins,0.0,,{}
1779381025357,execution,broker_losses,0.0,,{}
1779381025357,execution,broker_win_rate,0.0,,{}
1779381025357,execution,broker_avg_hold_s,0.0,,{}
1779381025357,execution,broker_current_losing_streak,0.0,,{}
1779381025357,execution,broker_worst_losing_streak,0.0,,{}
1779381025357,execution,broker_open_orders,0.0,,{}
1779381025357,execution,broker_broker_mode,,live_alpaca,{}
1779381025357,safety,safe_mode,0.0,,{}
1779381025357,safety,kill_switch,0.0,,{}
1779381025357,safety,runtime_health_status,,OK,{}
1779381025357,safety,api_errors,0.0,,{}
1779381025357,safety,order_rejections,0.0,,{}
1779381025357,safety,stale_data_violations,0.0,,{}
1779381025357,safety,health_messages,,,"{""value_json"": ""[]""}"
1779381025357,system,rss_memory_mb,93.984,,{}
1779381025357,system,thread_count,2.0,,{}
1779381025357,system,sqlite_size_mb,1884.738,,{}
1779381040378,runtime,uptime_seconds,510.855,,{}
1779381040378,runtime,runtime_profile,,dry_run,{}
1779381040378,runtime,process_start_ts,1779380529.0,,{}
1779381040378,runtime,process_start_ts_ms,1779380529524.0,,{}
1779381040378,runtime,pid,42498.0,,{}
1779381040378,runtime,heartbeat_age_seconds,0.0,,{}
1779381040378,market_data,ws_connected,0.0,,{}
1779381040378,market_data,ws_disconnect_count,0.0,,{}
1779381040378,market_data,poll_ok,1164.0,,{}
1779381040378,market_data,poll_err,0.0,,{}
1779381040378,market_data,poll_backoff_s,0.0,,{}
1779381040378,market_data,active_symbols,3.0,,{}
1779381040378,market_data,ready_symbols,3.0,,{}
1779381040378,market_data,ready_symbol_list,,,"{""value_json"": ""[\""BNBUSDT\"", \""BTCUSDT\"", \""ETHUSDT\""]""}"
1779381040378,market_data,stale_symbols,,,"{""value_json"": ""[]""}"
1779381040378,market_data,stale_global,0.0,,{}
1779381040378,ml,feature_updates,1154.0,,{}
1779381040378,ml,prediction_count,0.0,,{}
1779381040378,ml,candidate_count,2.0,,{}
1779381040378,ml,ranking_count,1.0,,{}
1779381040378,ml,signal_count,0.0,,{}
1779381040378,ml,inference_failures,0.0,,{}
1779381040378,ml,fallback_predictions,0.0,,{}
1779381040378,ml,last_refresh_ts_ms,,,{}
1779381040378,ml,last_ranking_ts_ms,1779380992000.0,,{}
1779381040378,ml,top_symbols,,,"{""value_json"": ""[\""BTCUSDT\""]""}"
1779381040378,ml,shadow_prediction_count,9.0,,{}
1779381040378,ml,shadow_candidate_count,9.0,,{}
1779381040378,ml,shadow_signal_count,0.0,,{}
1779381040378,ml,shadow_would_trade_count,0.0,,{}
1779381040378,ml,shadow_blocked_execution_count,0.0,,{}
1779381040378,ml,parity_check_count,0.0,,{}
1779381040378,ml,parity_failure_count,0.0,,{}
1779381040378,execution,fills,0.0,,{}
1779381040378,execution,open_positions,0.0,,{}
1779381040378,execution,exposure,0.0,,{}
1779381040378,execution,realized_pnl,0.0,,{}
1779381040378,execution,unrealized_pnl,0.0,,{}
1779381040378,execution,equity,100.0,,{}
1779381040378,execution,cash,100.0,,{}
1779381040378,execution,rejected_orders,0.0,,{}
1779381040378,execution,open_orders,0.0,,{}
1779381040378,execution,broker_realized_pnl,0.0,,{}
1779381040378,execution,broker_trades,0.0,,{}
1779381040378,execution,broker_wins,0.0,,{}
1779381040378,execution,broker_losses,0.0,,{}
1779381040378,execution,broker_win_rate,0.0,,{}
1779381040378,execution,broker_avg_hold_s,0.0,,{}
1779381040378,execution,broker_current_losing_streak,0.0,,{}
1779381040378,execution,broker_worst_losing_streak,0.0,,{}
1779381040378,execution,broker_open_orders,0.0,,{}
1779381040378,execution,broker_broker_mode,,live_alpaca,{}
1779381040378,safety,safe_mode,0.0,,{}
1779381040378,safety,kill_switch,0.0,,{}
1779381040378,safety,runtime_health_status,,OK,{}
1779381040378,safety,api_errors,0.0,,{}
1779381040378,safety,order_rejections,0.0,,{}
1779381040378,safety,stale_data_violations,0.0,,{}
1779381040378,safety,health_messages,,,"{""value_json"": ""[]""}"
1779381040378,system,rss_memory_mb,93.984,,{}
1779381040378,system,thread_count,2.0,,{}
1779381040378,system,sqlite_size_mb,1884.778,,{}
1779381055402,runtime,uptime_seconds,525.878,,{}
1779381055402,runtime,runtime_profile,,dry_run,{}
1779381055402,runtime,process_start_ts,1779380529.0,,{}
1779381055402,runtime,process_start_ts_ms,1779380529524.0,,{}
1779381055402,runtime,pid,42498.0,,{}
1779381055402,runtime,heartbeat_age_seconds,5.006,,{}
1779381055402,market_data,ws_connected,0.0,,{}
1779381055402,market_data,ws_disconnect_count,0.0,,{}
1779381055402,market_data,poll_ok,1198.0,,{}
1779381055402,market_data,poll_err,0.0,,{}
1779381055402,market_data,poll_backoff_s,0.0,,{}
1779381055402,market_data,active_symbols,3.0,,{}
1779381055402,market_data,ready_symbols,3.0,,{}
1779381055402,market_data,ready_symbol_list,,,"{""value_json"": ""[\""BNBUSDT\"", \""BTCUSDT\"", \""ETHUSDT\""]""}"
1779381055402,market_data,stale_symbols,,,"{""value_json"": ""[]""}"
1779381055402,market_data,stale_global,0.0,,{}
1779381055402,ml,feature_updates,1188.0,,{}
1779381055402,ml,prediction_count,0.0,,{}
1779381055402,ml,candidate_count,2.0,,{}
1779381055402,ml,ranking_count,1.0,,{}
1779381055402,ml,signal_count,0.0,,{}
1779381055402,ml,inference_failures,0.0,,{}
1779381055402,ml,fallback_predictions,0.0,,{}
1779381055402,ml,last_refresh_ts_ms,,,{}
1779381055402,ml,last_ranking_ts_ms,1779381052000.0,,{}
1779381055402,ml,top_symbols,,,"{""value_json"": ""[\""ETHUSDT\""]""}"
1779381055402,ml,shadow_prediction_count,11.0,,{}
1779381055402,ml,shadow_candidate_count,11.0,,{}
1779381055402,ml,shadow_signal_count,0.0,,{}
1779381055402,ml,shadow_would_trade_count,0.0,,{}
1779381055402,ml,shadow_blocked_execution_count,0.0,,{}
1779381055402,ml,parity_check_count,0.0,,{}
1779381055402,ml,parity_failure_count,0.0,,{}
1779381055402,execution,fills,0.0,,{}
1779381055402,execution,open_positions,0.0,,{}
1779381055402,execution,exposure,0.0,,{}
1779381055402,execution,realized_pnl,0.0,,{}
1779381055402,execution,unrealized_pnl,0.0,,{}
1779381055402,execution,equity,100.0,,{}
1779381055402,execution,cash,100.0,,{}
1779381055402,execution,rejected_orders,0.0,,{}
1779381055402,execution,open_orders,0.0,,{}
1779381055402,execution,broker_realized_pnl,0.0,,{}
1779381055402,execution,broker_trades,0.0,,{}
1779381055402,execution,broker_wins,0.0,,{}
1779381055402,execution,broker_losses,0.0,,{}
1779381055402,execution,broker_win_rate,0.0,,{}
1779381055402,execution,broker_avg_hold_s,0.0,,{}
1779381055402,execution,broker_current_losing_streak,0.0,,{}
1779381055402,execution,broker_worst_losing_streak,0.0,,{}
1779381055402,execution,broker_open_orders,0.0,,{}
1779381055402,execution,broker_broker_mode,,live_alpaca,{}
1779381055402,safety,safe_mode,0.0,,{}
1779381055402,safety,kill_switch,0.0,,{}
1779381055402,safety,runtime_health_status,,OK,{}
1779381055402,safety,api_errors,0.0,,{}
1779381055402,safety,order_rejections,0.0,,{}
1779381055402,safety,stale_data_violations,0.0,,{}
1779381055402,safety,health_messages,,,"{""value_json"": ""[]""}"
1779381055402,system,rss_memory_mb,93.984,,{}
1779381055402,system,thread_count,2.0,,{}
1779381055402,system,sqlite_size_mb,1884.778,,{}
1779381070428,runtime,uptime_seconds,540.905,,{}
1779381070428,runtime,runtime_profile,,dry_run,{}
1779381070428,runtime,process_start_ts,1779380529.0,,{}
1779381070428,runtime,process_start_ts_ms,1779380529524.0,,{}
1779381070428,runtime,pid,42498.0,,{}
1779381070428,runtime,heartbeat_age_seconds,0.0,,{}
1779381070428,market_data,ws_connected,0.0,,{}
1779381070428,market_data,ws_disconnect_count,0.0,,{}
1779381070428,market_data,poll_ok,1232.0,,{}
1779381070428,market_data,poll_err,0.0,,{}
1779381070428,market_data,poll_backoff_s,0.0,,{}
1779381070428,market_data,active_symbols,3.0,,{}
1779381070428,market_data,ready_symbols,3.0,,{}
1779381070428,market_data,ready_symbol_list,,,"{""value_json"": ""[\""BNBUSDT\"", \""BTCUSDT\"", \""ETHUSDT\""]""}"
1779381070428,market_data,stale_symbols,,,"{""value_json"": ""[]""}"
1779381070428,market_data,stale_global,0.0,,{}
1779381070428,ml,feature_updates,1222.0,,{}
1779381070428,ml,prediction_count,0.0,,{}
1779381070428,ml,candidate_count,2.0,,{}
1779381070428,ml,ranking_count,1.0,,{}
1779381070428,ml,signal_count,0.0,,{}
1779381070428,ml,inference_failures,0.0,,{}
1779381070428,ml,fallback_predictions,0.0,,{}
1779381070428,ml,last_refresh_ts_ms,,,{}
1779381070428,ml,last_ranking_ts_ms,1779381052000.0,,{}
1779381070428,ml,top_symbols,,,"{""value_json"": ""[\""ETHUSDT\""]""}"
1779381070428,ml,shadow_prediction_count,11.0,,{}
1779381070428,ml,shadow_candidate_count,11.0,,{}
1779381070428,ml,shadow_signal_count,0.0,,{}
1779381070428,ml,shadow_would_trade_count,0.0,,{}
1779381070428,ml,shadow_blocked_execution_count,0.0,,{}
1779381070428,ml,parity_check_count,0.0,,{}
1779381070428,ml,parity_failure_count,0.0,,{}
1779381070428,execution,fills,0.0,,{}
1779381070428,execution,open_positions,0.0,,{}
1779381070428,execution,exposure,0.0,,{}
1779381070428,execution,realized_pnl,0.0,,{}
1779381070428,execution,unrealized_pnl,0.0,,{}
1779381070428,execution,equity,100.0,,{}
1779381070428,execution,cash,100.0,,{}
1779381070428,execution,rejected_orders,0.0,,{}
1779381070428,execution,open_orders,0.0,,{}
1779381070428,execution,broker_realized_pnl,0.0,,{}
1779381070428,execution,broker_trades,0.0,,{}
1779381070428,execution,broker_wins,0.0,,{}
1779381070428,execution,broker_losses,0.0,,{}
1779381070428,execution,broker_win_rate,0.0,,{}
1779381070428,execution,broker_avg_hold_s,0.0,,{}
1779381070428,execution,broker_current_losing_streak,0.0,,{}
1779381070428,execution,broker_worst_losing_streak,0.0,,{}
1779381070428,execution,broker_open_orders,0.0,,{}
1779381070428,execution,broker_broker_mode,,live_alpaca,{}
1779381070428,safety,safe_mode,0.0,,{}
1779381070428,safety,kill_switch,0.0,,{}
1779381070428,safety,runtime_health_status,,OK,{}
1779381070428,safety,api_errors,0.0,,{}
1779381070428,safety,order_rejections,0.0,,{}
1779381070428,safety,stale_data_violations,0.0,,{}
1779381070428,safety,health_messages,,,"{""value_json"": ""[]""}"
1779381070428,system,rss_memory_mb,94.457,,{}
1779381070428,system,thread_count,2.0,,{}
1779381070428,system,sqlite_size_mb,1884.778,,{}
1779381085449,runtime,uptime_seconds,555.926,,{}
1779381085449,runtime,runtime_profile,,dry_run,{}
1779381085449,runtime,process_start_ts,1779380529.0,,{}
1779381085449,runtime,process_start_ts_ms,1779380529524.0,,{}
1779381085449,runtime,pid,42498.0,,{}
1779381085449,runtime,heartbeat_age_seconds,5.005,,{}
1779381085449,market_data,ws_connected,0.0,,{}
1779381085449,market_data,ws_disconnect_count,0.0,,{}
1779381085449,market_data,poll_ok,1269.0,,{}
1779381085449,market_data,poll_err,0.0,,{}
1779381085449,market_data,poll_backoff_s,0.0,,{}
1779381085449,market_data,active_symbols,3.0,,{}
1779381085449,market_data,ready_symbols,3.0,,{}
1779381085449,market_data,ready_symbol_list,,,"{""value_json"": ""[\""BNBUSDT\"", \""BTCUSDT\"", \""ETHUSDT\""]""}"
1779381085449,market_data,stale_symbols,,,"{""value_json"": ""[]""}"
1779381085449,market_data,stale_global,0.0,,{}
1779381085449,ml,feature_updates,1258.0,,{}
1779381085449,ml,prediction_count,0.0,,{}
1779381085449,ml,candidate_count,2.0,,{}
1779381085449,ml,ranking_count,1.0,,{}
1779381085449,ml,signal_count,0.0,,{}
1779381085449,ml,inference_failures,0.0,,{}
1779381085449,ml,fallback_predictions,0.0,,{}
1779381085449,ml,last_refresh_ts_ms,,,{}
1779381085449,ml,last_ranking_ts_ms,1779381052000.0,,{}
1779381085449,ml,top_symbols,,,"{""value_json"": ""[\""ETHUSDT\""]""}"
1779381085449,ml,shadow_prediction_count,11.0,,{}
1779381085449,ml,shadow_candidate_count,11.0,,{}
1779381085449,ml,shadow_signal_count,0.0,,{}
1779381085449,ml,shadow_would_trade_count,0.0,,{}
1779381085449,ml,shadow_blocked_execution_count,0.0,,{}
1779381085449,ml,parity_check_count,0.0,,{}
1779381085449,ml,parity_failure_count,0.0,,{}
1779381085449,execution,fills,0.0,,{}
1779381085449,execution,open_positions,0.0,,{}
1779381085449,execution,exposure,0.0,,{}
1779381085449,execution,realized_pnl,0.0,,{}
1779381085449,execution,unrealized_pnl,0.0,,{}
1779381085449,execution,equity,100.0,,{}
1779381085449,execution,cash,100.0,,{}
1779381085449,execution,rejected_orders,0.0,,{}
1779381085449,execution,open_orders,0.0,,{}
1779381085449,execution,broker_realized_pnl,0.0,,{}
1779381085449,execution,broker_trades,0.0,,{}
1779381085449,execution,broker_wins,0.0,,{}
1779381085449,execution,broker_losses,0.0,,{}
1779381085449,execution,broker_win_rate,0.0,,{}
1779381085449,execution,broker_avg_hold_s,0.0,,{}
1779381085449,execution,broker_current_losing_streak,0.0,,{}
1779381085449,execution,broker_worst_losing_streak,0.0,,{}
1779381085449,execution,broker_open_orders,0.0,,{}
1779381085449,execution,broker_broker_mode,,live_alpaca,{}
1779381085449,safety,safe_mode,0.0,,{}
1779381085449,safety,kill_switch,0.0,,{}
1779381085449,safety,runtime_health_status,,OK,{}
1779381085449,safety,api_errors,0.0,,{}
1779381085449,safety,order_rejections,0.0,,{}
1779381085449,safety,stale_data_violations,0.0,,{}
1779381085449,safety,health_messages,,,"{""value_json"": ""[]""}"
1779381085449,system,rss_memory_mb,94.508,,{}
1779381085449,system,thread_count,2.0,,{}
1779381085449,system,sqlite_size_mb,1884.778,,{}
1779381100466,runtime,uptime_seconds,570.942,,{}
1779381100466,runtime,runtime_profile,,dry_run,{}
1779381100466,runtime,process_start_ts,1779380529.0,,{}
1779381100466,runtime,process_start_ts_ms,1779380529524.0,,{}
1779381100466,runtime,pid,42498.0,,{}
1779381100466,runtime,heartbeat_age_seconds,0.0,,{}
1779381100466,market_data,ws_connected,0.0,,{}
1779381100466,market_data,ws_disconnect_count,0.0,,{}
1779381100466,market_data,poll_ok,1302.0,,{}
1779381100466,market_data,poll_err,0.0,,{}
1779381100466,market_data,poll_backoff_s,0.0,,{}
1779381100466,market_data,active_symbols,3.0,,{}
1779381100466,market_data,ready_symbols,3.0,,{}
1779381100466,market_data,ready_symbol_list,,,"{""value_json"": ""[\""BNBUSDT\"", \""BTCUSDT\"", \""ETHUSDT\""]""}"
1779381100466,market_data,stale_symbols,,,"{""value_json"": ""[]""}"
1779381100466,market_data,stale_global,0.0,,{}
1779381100466,ml,feature_updates,1291.0,,{}
1779381100466,ml,prediction_count,0.0,,{}
1779381100466,ml,candidate_count,2.0,,{}
1779381100466,ml,ranking_count,1.0,,{}
1779381100466,ml,signal_count,0.0,,{}
1779381100466,ml,inference_failures,0.0,,{}
1779381100466,ml,fallback_predictions,0.0,,{}
1779381100466,ml,last_refresh_ts_ms,,,{}
1779381100466,ml,last_ranking_ts_ms,1779381052000.0,,{}
1779381100466,ml,top_symbols,,,"{""value_json"": ""[\""ETHUSDT\""]""}"
1779381100466,ml,shadow_prediction_count,11.0,,{}
1779381100466,ml,shadow_candidate_count,11.0,,{}
1779381100466,ml,shadow_signal_count,0.0,,{}
1779381100466,ml,shadow_would_trade_count,0.0,,{}
1779381100466,ml,shadow_blocked_execution_count,0.0,,{}
1779381100466,ml,parity_check_count,0.0,,{}
1779381100466,ml,parity_failure_count,0.0,,{}
1779381100466,execution,fills,0.0,,{}
1779381100466,execution,open_positions,0.0,,{}
1779381100466,execution,exposure,0.0,,{}
1779381100466,execution,realized_pnl,0.0,,{}
1779381100466,execution,unrealized_pnl,0.0,,{}
1779381100466,execution,equity,100.0,,{}
1779381100466,execution,cash,100.0,,{}
1779381100466,execution,rejected_orders,0.0,,{}
1779381100466,execution,open_orders,0.0,,{}
1779381100466,execution,broker_realized_pnl,0.0,,{}
1779381100466,execution,broker_trades,0.0,,{}
1779381100466,execution,broker_wins,0.0,,{}
1779381100466,execution,broker_losses,0.0,,{}
1779381100466,execution,broker_win_rate,0.0,,{}
1779381100466,execution,broker_avg_hold_s,0.0,,{}
1779381100466,execution,broker_current_losing_streak,0.0,,{}
1779381100466,execution,broker_worst_losing_streak,0.0,,{}
1779381100466,execution,broker_open_orders,0.0,,{}
1779381100466,execution,broker_broker_mode,,live_alpaca,{}
1779381100466,safety,safe_mode,0.0,,{}
1779381100466,safety,kill_switch,0.0,,{}
1779381100466,safety,runtime_health_status,,OK,{}
1779381100466,safety,api_errors,0.0,,{}
1779381100466,safety,order_rejections,0.0,,{}
1779381100466,safety,stale_data_violations,0.0,,{}
1779381100466,safety,health_messages,,,"{""value_json"": ""[]""}"
1779381100466,system,rss_memory_mb,94.797,,{}
1779381100466,system,thread_count,2.0,,{}
1779381100466,system,sqlite_size_mb,1884.778,,{}
1779381115490,runtime,uptime_seconds,585.967,,{}
1779381115490,runtime,runtime_profile,,dry_run,{}
1779381115490,runtime,process_start_ts,1779380529.0,,{}
1779381115490,runtime,process_start_ts_ms,1779380529524.0,,{}
1779381115490,runtime,pid,42498.0,,{}
1779381115490,runtime,heartbeat_age_seconds,5.013,,{}
1779381115490,market_data,ws_connected,0.0,,{}
1779381115490,market_data,ws_disconnect_count,0.0,,{}
1779381115490,market_data,poll_ok,1338.0,,{}
1779381115490,market_data,poll_err,0.0,,{}
1779381115490,market_data,poll_backoff_s,0.0,,{}
1779381115490,market_data,active_symbols,3.0,,{}
1779381115490,market_data,ready_symbols,3.0,,{}
1779381115490,market_data,ready_symbol_list,,,"{""value_json"": ""[\""BNBUSDT\"", \""BTCUSDT\"", \""ETHUSDT\""]""}"
1779381115490,market_data,stale_symbols,,,"{""value_json"": ""[]""}"
1779381115490,market_data,stale_global,0.0,,{}
1779381115490,ml,feature_updates,1327.0,,{}
1779381115490,ml,prediction_count,0.0,,{}
1779381115490,ml,candidate_count,2.0,,{}
1779381115490,ml,ranking_count,1.0,,{}
1779381115490,ml,signal_count,0.0,,{}
1779381115490,ml,inference_failures,0.0,,{}
1779381115490,ml,fallback_predictions,0.0,,{}
1779381115490,ml,last_refresh_ts_ms,,,{}
1779381115490,ml,last_ranking_ts_ms,1779381112000.0,,{}
1779381115490,ml,top_symbols,,,"{""value_json"": ""[\""BTCUSDT\""]""}"
1779381115490,ml,shadow_prediction_count,13.0,,{}
1779381115490,ml,shadow_candidate_count,13.0,,{}
1779381115490,ml,shadow_signal_count,0.0,,{}
1779381115490,ml,shadow_would_trade_count,0.0,,{}
1779381115490,ml,shadow_blocked_execution_count,0.0,,{}
1779381115490,ml,parity_check_count,0.0,,{}
1779381115490,ml,parity_failure_count,0.0,,{}
1779381115490,execution,fills,0.0,,{}
1779381115490,execution,open_positions,0.0,,{}
1779381115490,execution,exposure,0.0,,{}
1779381115490,execution,realized_pnl,0.0,,{}
1779381115490,execution,unrealized_pnl,0.0,,{}
1779381115490,execution,equity,100.0,,{}
1779381115490,execution,cash,100.0,,{}
1779381115490,execution,rejected_orders,0.0,,{}
1779381115490,execution,open_orders,0.0,,{}
1779381115490,execution,broker_realized_pnl,0.0,,{}
1779381115490,execution,broker_trades,0.0,,{}
1779381115490,execution,broker_wins,0.0,,{}
1779381115490,execution,broker_losses,0.0,,{}
1779381115490,execution,broker_win_rate,0.0,,{}
1779381115490,execution,broker_avg_hold_s,0.0,,{}
1779381115490,execution,broker_current_losing_streak,0.0,,{}
1779381115490,execution,broker_worst_losing_streak,0.0,,{}
1779381115490,execution,broker_open_orders,0.0,,{}
1779381115490,execution,broker_broker_mode,,live_alpaca,{}
1779381115490,safety,safe_mode,0.0,,{}
1779381115490,safety,kill_switch,0.0,,{}
1779381115490,safety,runtime_health_status,,OK,{}
1779381115490,safety,api_errors,0.0,,{}
1779381115490,safety,order_rejections,0.0,,{}
1779381115490,safety,stale_data_violations,0.0,,{}
1779381115490,safety,health_messages,,,"{""value_json"": ""[]""}"
1779381115490,system,rss_memory_mb,94.801,,{}
1779381115490,system,thread_count,2.0,,{}
1779381115490,system,sqlite_size_mb,1884.821,,{}
1779381130512,runtime,uptime_seconds,600.989,,{}
1779381130512,runtime,runtime_profile,,dry_run,{}
1779381130512,runtime,process_start_ts,1779380529.0,,{}
1779381130512,runtime,process_start_ts_ms,1779380529524.0,,{}
1779381130512,runtime,pid,42498.0,,{}
1779381130512,runtime,heartbeat_age_seconds,0.0,,{}
1779381130512,market_data,ws_connected,0.0,,{}
1779381130512,market_data,ws_disconnect_count,0.0,,{}
1779381130512,market_data,poll_ok,1371.0,,{}
1779381130512,market_data,poll_err,0.0,,{}
1779381130512,market_data,poll_backoff_s,0.0,,{}
1779381130512,market_data,active_symbols,3.0,,{}
1779381130512,market_data,ready_symbols,3.0,,{}
1779381130512,market_data,ready_symbol_list,,,"{""value_json"": ""[\""BNBUSDT\"", \""BTCUSDT\"", \""ETHUSDT\""]""}"
1779381130512,market_data,stale_symbols,,,"{""value_json"": ""[]""}"
1779381130512,market_data,stale_global,0.0,,{}
1779381130512,ml,feature_updates,1360.0,,{}
1779381130512,ml,prediction_count,0.0,,{}
1779381130512,ml,candidate_count,2.0,,{}
1779381130512,ml,ranking_count,1.0,,{}
1779381130512,ml,signal_count,0.0,,{}
1779381130512,ml,inference_failures,0.0,,{}
1779381130512,ml,fallback_predictions,0.0,,{}
1779381130512,ml,last_refresh_ts_ms,,,{}
1779381130512,ml,last_ranking_ts_ms,1779381112000.0,,{}
1779381130512,ml,top_symbols,,,"{""value_json"": ""[\""BTCUSDT\""]""}"
1779381130512,ml,shadow_prediction_count,13.0,,{}
1779381130512,ml,shadow_candidate_count,13.0,,{}
1779381130512,ml,shadow_signal_count,0.0,,{}
1779381130512,ml,shadow_would_trade_count,0.0,,{}
1779381130512,ml,shadow_blocked_execution_count,0.0,,{}
1779381130512,ml,parity_check_count,0.0,,{}
1779381130512,ml,parity_failure_count,0.0,,{}
1779381130512,execution,fills,0.0,,{}
1779381130512,execution,open_positions,0.0,,{}
1779381130512,execution,exposure,0.0,,{}
1779381130512,execution,realized_pnl,0.0,,{}
1779381130512,execution,unrealized_pnl,0.0,,{}
1779381130512,execution,equity,100.0,,{}
1779381130512,execution,cash,100.0,,{}
1779381130512,execution,rejected_orders,0.0,,{}
1779381130512,execution,open_orders,0.0,,{}
1779381130512,execution,broker_realized_pnl,0.0,,{}
1779381130512,execution,broker_trades,0.0,,{}
1779381130512,execution,broker_wins,0.0,,{}
1779381130512,execution,broker_losses,0.0,,{}
1779381130512,execution,broker_win_rate,0.0,,{}
1779381130512,execution,broker_avg_hold_s,0.0,,{}
1779381130512,execution,broker_current_losing_streak,0.0,,{}
1779381130512,execution,broker_worst_losing_streak,0.0,,{}
1779381130512,execution,broker_open_orders,0.0,,{}
1779381130512,execution,broker_broker_mode,,live_alpaca,{}
1779381130512,safety,safe_mode,0.0,,{}
1779381130512,safety,kill_switch,0.0,,{}
1779381130512,safety,runtime_health_status,,OK,{}
1779381130512,safety,api_errors,0.0,,{}
1779381130512,safety,order_rejections,0.0,,{}
1779381130512,safety,stale_data_violations,0.0,,{}
1779381130512,safety,health_messages,,,"{""value_json"": ""[]""}"
1779381130512,system,rss_memory_mb,95.086,,{}
1779381130512,system,thread_count,2.0,,{}
1779381130512,system,sqlite_size_mb,1884.821,,{}
1779381145533,runtime,uptime_seconds,616.009,,{}
1779381145533,runtime,runtime_profile,,dry_run,{}
1779381145533,runtime,process_start_ts,1779380529.0,,{}
1779381145533,runtime,process_start_ts_ms,1779380529524.0,,{}
1779381145533,runtime,pid,42498.0,,{}
1779381145533,runtime,heartbeat_age_seconds,5.009,,{}
1779381145533,market_data,ws_connected,0.0,,{}
1779381145533,market_data,ws_disconnect_count,0.0,,{}
1779381145533,market_data,poll_ok,1404.0,,{}
1779381145533,market_data,poll_err,0.0,,{}
1779381145533,market_data,poll_backoff_s,0.0,,{}
1779381145533,market_data,active_symbols,3.0,,{}
1779381145533,market_data,ready_symbols,3.0,,{}
1779381145533,market_data,ready_symbol_list,,,"{""value_json"": ""[\""BNBUSDT\"", \""BTCUSDT\"", \""ETHUSDT\""]""}"
1779381145533,market_data,stale_symbols,,,"{""value_json"": ""[]""}"
1779381145533,market_data,stale_global,0.0,,{}
1779381145533,ml,feature_updates,1393.0,,{}
1779381145533,ml,prediction_count,0.0,,{}
1779381145533,ml,candidate_count,2.0,,{}
1779381145533,ml,ranking_count,1.0,,{}
1779381145533,ml,signal_count,0.0,,{}
1779381145533,ml,inference_failures,0.0,,{}
1779381145533,ml,fallback_predictions,0.0,,{}
1779381145533,ml,last_refresh_ts_ms,,,{}
1779381145533,ml,last_ranking_ts_ms,1779381112000.0,,{}
1779381145533,ml,top_symbols,,,"{""value_json"": ""[\""BTCUSDT\""]""}"
1779381145533,ml,shadow_prediction_count,13.0,,{}
1779381145533,ml,shadow_candidate_count,13.0,,{}
1779381145533,ml,shadow_signal_count,0.0,,{}
1779381145533,ml,shadow_would_trade_count,0.0,,{}
1779381145533,ml,shadow_blocked_execution_count,0.0,,{}
1779381145533,ml,parity_check_count,0.0,,{}
1779381145533,ml,parity_failure_count,0.0,,{}
1779381145533,execution,fills,0.0,,{}
1779381145533,execution,open_positions,0.0,,{}
1779381145533,execution,exposure,0.0,,{}
1779381145533,execution,realized_pnl,0.0,,{}
1779381145533,execution,unrealized_pnl,0.0,,{}
1779381145533,execution,equity,100.0,,{}
1779381145533,execution,cash,100.0,,{}
1779381145533,execution,rejected_orders,0.0,,{}
1779381145533,execution,open_orders,0.0,,{}
1779381145533,execution,broker_realized_pnl,0.0,,{}
1779381145533,execution,broker_trades,0.0,,{}
1779381145533,execution,broker_wins,0.0,,{}
1779381145533,execution,broker_losses,0.0,,{}
1779381145533,execution,broker_win_rate,0.0,,{}
1779381145533,execution,broker_avg_hold_s,0.0,,{}
1779381145533,execution,broker_current_losing_streak,0.0,,{}
1779381145533,execution,broker_worst_losing_streak,0.0,,{}
1779381145533,execution,broker_open_orders,0.0,,{}
1779381145533,execution,broker_broker_mode,,live_alpaca,{}
1779381145533,safety,safe_mode,0.0,,{}
1779381145533,safety,kill_switch,0.0,,{}
1779381145533,safety,runtime_health_status,,OK,{}
1779381145533,safety,api_errors,0.0,,{}
1779381145533,safety,order_rejections,0.0,,{}
1779381145533,safety,stale_data_violations,0.0,,{}
1779381145533,safety,health_messages,,,"{""value_json"": ""[]""}"
1779381145533,system,rss_memory_mb,95.086,,{}
1779381145533,system,thread_count,2.0,,{}
1779381145533,system,sqlite_size_mb,1884.821,,{}
1779381160547,runtime,uptime_seconds,631.024,,{}
1779381160547,runtime,runtime_profile,,dry_run,{}
1779381160547,runtime,process_start_ts,1779380529.0,,{}
1779381160547,runtime,process_start_ts_ms,1779380529524.0,,{}
1779381160547,runtime,pid,42498.0,,{}
1779381160547,runtime,heartbeat_age_seconds,0.0,,{}
1779381160547,market_data,ws_connected,0.0,,{}
1779381160547,market_data,ws_disconnect_count,0.0,,{}
1779381160547,market_data,poll_ok,1438.0,,{}
1779381160547,market_data,poll_err,0.0,,{}
1779381160547,market_data,poll_backoff_s,0.0,,{}
1779381160547,market_data,active_symbols,3.0,,{}
1779381160547,market_data,ready_symbols,3.0,,{}
1779381160547,market_data,ready_symbol_list,,,"{""value_json"": ""[\""BNBUSDT\"", \""BTCUSDT\"", \""ETHUSDT\""]""}"
1779381160547,market_data,stale_symbols,,,"{""value_json"": ""[]""}"
1779381160547,market_data,stale_global,0.0,,{}
1779381160547,ml,feature_updates,1427.0,,{}
1779381160547,ml,prediction_count,0.0,,{}
1779381160547,ml,candidate_count,2.0,,{}
1779381160547,ml,ranking_count,1.0,,{}
1779381160547,ml,signal_count,0.0,,{}
1779381160547,ml,inference_failures,0.0,,{}
1779381160547,ml,fallback_predictions,0.0,,{}
1779381160547,ml,last_refresh_ts_ms,,,{}
1779381160547,ml,last_ranking_ts_ms,1779381112000.0,,{}
1779381160547,ml,top_symbols,,,"{""value_json"": ""[\""BTCUSDT\""]""}"
1779381160547,ml,shadow_prediction_count,13.0,,{}
1779381160547,ml,shadow_candidate_count,13.0,,{}
1779381160547,ml,shadow_signal_count,0.0,,{}
1779381160547,ml,shadow_would_trade_count,0.0,,{}
1779381160547,ml,shadow_blocked_execution_count,0.0,,{}
1779381160547,ml,parity_check_count,0.0,,{}
1779381160547,ml,parity_failure_count,0.0,,{}
1779381160547,execution,fills,0.0,,{}
1779381160547,execution,open_positions,0.0,,{}
1779381160547,execution,exposure,0.0,,{}
1779381160547,execution,realized_pnl,0.0,,{}
1779381160547,execution,unrealized_pnl,0.0,,{}
1779381160547,execution,equity,100.0,,{}
1779381160547,execution,cash,100.0,,{}
1779381160547,execution,rejected_orders,0.0,,{}
1779381160547,execution,open_orders,0.0,,{}
1779381160547,execution,broker_realized_pnl,0.0,,{}
1779381160547,execution,broker_trades,0.0,,{}
1779381160547,execution,broker_wins,0.0,,{}
1779381160547,execution,broker_losses,0.0,,{}
1779381160547,execution,broker_win_rate,0.0,,{}
1779381160547,execution,broker_avg_hold_s,0.0,,{}
1779381160547,execution,broker_current_losing_streak,0.0,,{}
1779381160547,execution,broker_worst_losing_streak,0.0,,{}
1779381160547,execution,broker_open_orders,0.0,,{}
1779381160547,execution,broker_broker_mode,,live_alpaca,{}
1779381160547,safety,safe_mode,0.0,,{}
1779381160547,safety,kill_switch,0.0,,{}
1779381160547,safety,runtime_health_status,,OK,{}
1779381160547,safety,api_errors,0.0,,{}
1779381160547,safety,order_rejections,0.0,,{}
1779381160547,safety,stale_data_violations,0.0,,{}
1779381160547,safety,health_messages,,,"{""value_json"": ""[]""}"
1779381160547,system,rss_memory_mb,95.633,,{}
1779381160547,system,thread_count,2.0,,{}
1779381160547,system,sqlite_size_mb,1884.821,,{}
1779381175564,runtime,uptime_seconds,646.041,,{}
1779381175564,runtime,runtime_profile,,dry_run,{}
1779381175564,runtime,process_start_ts,1779380529.0,,{}
1779381175564,runtime,process_start_ts_ms,1779380529524.0,,{}
1779381175564,runtime,pid,42498.0,,{}
1779381175564,runtime,heartbeat_age_seconds,5.006,,{}
1779381175564,market_data,ws_connected,0.0,,{}
1779381175564,market_data,ws_disconnect_count,0.0,,{}
1779381175564,market_data,poll_ok,1470.0,,{}
1779381175564,market_data,poll_err,0.0,,{}
1779381175564,market_data,poll_backoff_s,0.0,,{}
1779381175564,market_data,active_symbols,3.0,,{}
1779381175564,market_data,ready_symbols,3.0,,{}
1779381175564,market_data,ready_symbol_list,,,"{""value_json"": ""[\""BNBUSDT\"", \""BTCUSDT\"", \""ETHUSDT\""]""}"
1779381175564,market_data,stale_symbols,,,"{""value_json"": ""[]""}"
1779381175564,market_data,stale_global,0.0,,{}
1779381175564,ml,feature_updates,1459.0,,{}
1779381175564,ml,prediction_count,0.0,,{}
1779381175564,ml,candidate_count,2.0,,{}
1779381175564,ml,ranking_count,1.0,,{}
1779381175564,ml,signal_count,0.0,,{}
1779381175564,ml,inference_failures,0.0,,{}
1779381175564,ml,fallback_predictions,0.0,,{}
1779381175564,ml,last_refresh_ts_ms,,,{}
1779381175564,ml,last_ranking_ts_ms,1779381172000.0,,{}
1779381175564,ml,top_symbols,,,"{""value_json"": ""[\""ETHUSDT\""]""}"
1779381175564,ml,shadow_prediction_count,15.0,,{}
1779381175564,ml,shadow_candidate_count,15.0,,{}
1779381175564,ml,shadow_signal_count,0.0,,{}
1779381175564,ml,shadow_would_trade_count,0.0,,{}
1779381175564,ml,shadow_blocked_execution_count,0.0,,{}
1779381175564,ml,parity_check_count,0.0,,{}
1779381175564,ml,parity_failure_count,0.0,,{}
1779381175564,execution,fills,0.0,,{}
1779381175564,execution,open_positions,0.0,,{}
1779381175564,execution,exposure,0.0,,{}
1779381175564,execution,realized_pnl,0.0,,{}
1779381175564,execution,unrealized_pnl,0.0,,{}
1779381175564,execution,equity,100.0,,{}
1779381175564,execution,cash,100.0,,{}
1779381175564,execution,rejected_orders,0.0,,{}
1779381175564,execution,open_orders,0.0,,{}
1779381175564,execution,broker_realized_pnl,0.0,,{}
1779381175564,execution,broker_trades,0.0,,{}
1779381175564,execution,broker_wins,0.0,,{}
1779381175564,execution,broker_losses,0.0,,{}
1779381175564,execution,broker_win_rate,0.0,,{}
1779381175564,execution,broker_avg_hold_s,0.0,,{}
1779381175564,execution,broker_current_losing_streak,0.0,,{}
1779381175564,execution,broker_worst_losing_streak,0.0,,{}
1779381175564,execution,broker_open_orders,0.0,,{}
1779381175564,execution,broker_broker_mode,,live_alpaca,{}
1779381175564,safety,safe_mode,0.0,,{}
1779381175564,safety,kill_switch,0.0,,{}
1779381175564,safety,runtime_health_status,,OK,{}
1779381175564,safety,api_errors,0.0,,{}
1779381175564,safety,order_rejections,0.0,,{}
1779381175564,safety,stale_data_violations,0.0,,{}
1779381175564,safety,health_messages,,,"{""value_json"": ""[]""}"
1779381175564,system,rss_memory_mb,95.633,,{}
1779381175564,system,thread_count,2.0,,{}
1779381175564,system,sqlite_size_mb,1884.821,,{}
1779381190590,runtime,uptime_seconds,661.067,,{}
1779381190590,runtime,runtime_profile,,dry_run,{}
1779381190590,runtime,process_start_ts,1779380529.0,,{}
1779381190590,runtime,process_start_ts_ms,1779380529524.0,,{}
1779381190590,runtime,pid,42498.0,,{}
1779381190590,runtime,heartbeat_age_seconds,0.0,,{}
1779381190590,market_data,ws_connected,0.0,,{}
1779381190590,market_data,ws_disconnect_count,0.0,,{}
1779381190590,market_data,poll_ok,1509.0,,{}
1779381190590,market_data,poll_err,0.0,,{}
1779381190590,market_data,poll_backoff_s,0.0,,{}
1779381190590,market_data,active_symbols,3.0,,{}
1779381190590,market_data,ready_symbols,3.0,,{}
1779381190590,market_data,ready_symbol_list,,,"{""value_json"": ""[\""BNBUSDT\"", \""BTCUSDT\"", \""ETHUSDT\""]""}"
1779381190590,market_data,stale_symbols,,,"{""value_json"": ""[]""}"
1779381190590,market_data,stale_global,0.0,,{}
1779381190590,ml,feature_updates,1496.0,,{}
1779381190590,ml,prediction_count,0.0,,{}
1779381190590,ml,candidate_count,2.0,,{}
1779381190590,ml,ranking_count,1.0,,{}
1779381190590,ml,signal_count,0.0,,{}
1779381190590,ml,inference_failures,0.0,,{}
1779381190590,ml,fallback_predictions,0.0,,{}
1779381190590,ml,last_refresh_ts_ms,,,{}
1779381190590,ml,last_ranking_ts_ms,1779381172000.0,,{}
1779381190590,ml,top_symbols,,,"{""value_json"": ""[\""ETHUSDT\""]""}"
1779381190590,ml,shadow_prediction_count,15.0,,{}
1779381190590,ml,shadow_candidate_count,15.0,,{}
1779381190590,ml,shadow_signal_count,0.0,,{}
1779381190590,ml,shadow_would_trade_count,0.0,,{}
1779381190590,ml,shadow_blocked_execution_count,0.0,,{}
1779381190590,ml,parity_check_count,0.0,,{}
1779381190590,ml,parity_failure_count,0.0,,{}
1779381190590,execution,fills,0.0,,{}
1779381190590,execution,open_positions,0.0,,{}
1779381190590,execution,exposure,0.0,,{}
1779381190590,execution,realized_pnl,0.0,,{}
1779381190590,execution,unrealized_pnl,0.0,,{}
1779381190590,execution,equity,100.0,,{}
1779381190590,execution,cash,100.0,,{}
1779381190590,execution,rejected_orders,0.0,,{}
1779381190590,execution,open_orders,0.0,,{}
1779381190590,execution,broker_realized_pnl,0.0,,{}
1779381190590,execution,broker_trades,0.0,,{}
1779381190590,execution,broker_wins,0.0,,{}
1779381190590,execution,broker_losses,0.0,,{}
1779381190590,execution,broker_win_rate,0.0,,{}
1779381190590,execution,broker_avg_hold_s,0.0,,{}
1779381190590,execution,broker_current_losing_streak,0.0,,{}
1779381190590,execution,broker_worst_losing_streak,0.0,,{}
1779381190590,execution,broker_open_orders,0.0,,{}
1779381190590,execution,broker_broker_mode,,live_alpaca,{}
1779381190590,safety,safe_mode,0.0,,{}
1779381190590,safety,kill_switch,0.0,,{}
1779381190590,safety,runtime_health_status,,OK,{}
1779381190590,safety,api_errors,0.0,,{}
1779381190590,safety,order_rejections,0.0,,{}
1779381190590,safety,stale_data_violations,0.0,,{}
1779381190590,safety,health_messages,,,"{""value_json"": ""[]""}"
1779381190590,system,rss_memory_mb,96.285,,{}
1779381190590,system,thread_count,2.0,,{}
1779381190590,system,sqlite_size_mb,1885.005,,{}
1779381205605,runtime,uptime_seconds,676.082,,{}
1779381205605,runtime,runtime_profile,,dry_run,{}
1779381205605,runtime,process_start_ts,1779380529.0,,{}
1779381205605,runtime,process_start_ts_ms,1779380529524.0,,{}
1779381205605,runtime,pid,42498.0,,{}
1779381205605,runtime,heartbeat_age_seconds,5.004,,{}
1779381205605,market_data,ws_connected,0.0,,{}
1779381205605,market_data,ws_disconnect_count,0.0,,{}
1779381205605,market_data,poll_ok,1540.0,,{}
1779381205605,market_data,poll_err,0.0,,{}
1779381205605,market_data,poll_backoff_s,0.0,,{}
1779381205605,market_data,active_symbols,3.0,,{}
1779381205605,market_data,ready_symbols,3.0,,{}
1779381205605,market_data,ready_symbol_list,,,"{""value_json"": ""[\""BNBUSDT\"", \""BTCUSDT\"", \""ETHUSDT\""]""}"
1779381205605,market_data,stale_symbols,,,"{""value_json"": ""[]""}"
1779381205605,market_data,stale_global,0.0,,{}
1779381205605,ml,feature_updates,1526.0,,{}
1779381205605,ml,prediction_count,0.0,,{}
1779381205605,ml,candidate_count,2.0,,{}
1779381205605,ml,ranking_count,1.0,,{}
1779381205605,ml,signal_count,0.0,,{}
1779381205605,ml,inference_failures,0.0,,{}
1779381205605,ml,fallback_predictions,0.0,,{}
1779381205605,ml,last_refresh_ts_ms,,,{}
1779381205605,ml,last_ranking_ts_ms,1779381172000.0,,{}
1779381205605,ml,top_symbols,,,"{""value_json"": ""[\""ETHUSDT\""]""}"
1779381205605,ml,shadow_prediction_count,15.0,,{}
1779381205605,ml,shadow_candidate_count,15.0,,{}
1779381205605,ml,shadow_signal_count,0.0,,{}
1779381205605,ml,shadow_would_trade_count,0.0,,{}
1779381205605,ml,shadow_blocked_execution_count,0.0,,{}
1779381205605,ml,parity_check_count,0.0,,{}
1779381205605,ml,parity_failure_count,0.0,,{}
1779381205605,execution,fills,0.0,,{}
1779381205605,execution,open_positions,0.0,,{}
1779381205605,execution,exposure,0.0,,{}
1779381205605,execution,realized_pnl,0.0,,{}
1779381205605,execution,unrealized_pnl,0.0,,{}
1779381205605,execution,equity,100.0,,{}
1779381205605,execution,cash,100.0,,{}
1779381205605,execution,rejected_orders,0.0,,{}
1779381205605,execution,open_orders,0.0,,{}
1779381205605,execution,broker_realized_pnl,0.0,,{}
1779381205605,execution,broker_trades,0.0,,{}
1779381205605,execution,broker_wins,0.0,,{}
1779381205605,execution,broker_losses,0.0,,{}
1779381205605,execution,broker_win_rate,0.0,,{}
1779381205605,execution,broker_avg_hold_s,0.0,,{}
1779381205605,execution,broker_current_losing_streak,0.0,,{}
1779381205605,execution,broker_worst_losing_streak,0.0,,{}
1779381205605,execution,broker_open_orders,0.0,,{}
1779381205605,execution,broker_broker_mode,,live_alpaca,{}
1779381205605,safety,safe_mode,0.0,,{}
1779381205605,safety,kill_switch,0.0,,{}
1779381205605,safety,runtime_health_status,,OK,{}
1779381205605,safety,api_errors,0.0,,{}
1779381205605,safety,order_rejections,0.0,,{}
1779381205605,safety,stale_data_violations,0.0,,{}
1779381205605,safety,health_messages,,,"{""value_json"": ""[]""}"
1779381205605,system,rss_memory_mb,96.348,,{}
1779381205605,system,thread_count,2.0,,{}
1779381205605,system,sqlite_size_mb,1885.005,,{}
1779381220628,runtime,uptime_seconds,691.105,,{}
1779381220628,runtime,runtime_profile,,dry_run,{}
1779381220628,runtime,process_start_ts,1779380529.0,,{}
1779381220628,runtime,process_start_ts_ms,1779380529524.0,,{}
1779381220628,runtime,pid,42498.0,,{}
1779381220628,runtime,heartbeat_age_seconds,0.0,,{}
1779381220628,market_data,ws_connected,0.0,,{}
1779381220628,market_data,ws_disconnect_count,0.0,,{}
1779381220628,market_data,poll_ok,1571.0,,{}
1779381220628,market_data,poll_err,0.0,,{}
1779381220628,market_data,poll_backoff_s,0.0,,{}
1779381220628,market_data,active_symbols,3.0,,{}
1779381220628,market_data,ready_symbols,3.0,,{}
1779381220628,market_data,ready_symbol_list,,,"{""value_json"": ""[\""BNBUSDT\"", \""BTCUSDT\"", \""ETHUSDT\""]""}"
1779381220628,market_data,stale_symbols,,,"{""value_json"": ""[]""}"
1779381220628,market_data,stale_global,0.0,,{}
1779381220628,ml,feature_updates,1557.0,,{}
1779381220628,ml,prediction_count,0.0,,{}
1779381220628,ml,candidate_count,2.0,,{}
1779381220628,ml,ranking_count,1.0,,{}
1779381220628,ml,signal_count,0.0,,{}
1779381220628,ml,inference_failures,0.0,,{}
1779381220628,ml,fallback_predictions,0.0,,{}
1779381220628,ml,last_refresh_ts_ms,,,{}
1779381220628,ml,last_ranking_ts_ms,1779381172000.0,,{}
1779381220628,ml,top_symbols,,,"{""value_json"": ""[\""ETHUSDT\""]""}"
1779381220628,ml,shadow_prediction_count,15.0,,{}
1779381220628,ml,shadow_candidate_count,15.0,,{}
1779381220628,ml,shadow_signal_count,0.0,,{}
1779381220628,ml,shadow_would_trade_count,0.0,,{}
1779381220628,ml,shadow_blocked_execution_count,0.0,,{}
1779381220628,ml,parity_check_count,0.0,,{}
1779381220628,ml,parity_failure_count,0.0,,{}
1779381220628,execution,fills,0.0,,{}
1779381220628,execution,open_positions,0.0,,{}
1779381220628,execution,exposure,0.0,,{}
1779381220628,execution,realized_pnl,0.0,,{}
1779381220628,execution,unrealized_pnl,0.0,,{}
1779381220628,execution,equity,100.0,,{}
1779381220628,execution,cash,100.0,,{}
1779381220628,execution,rejected_orders,0.0,,{}
1779381220628,execution,open_orders,0.0,,{}
1779381220628,execution,broker_realized_pnl,0.0,,{}
1779381220628,execution,broker_trades,0.0,,{}
1779381220628,execution,broker_wins,0.0,,{}
1779381220628,execution,broker_losses,0.0,,{}
1779381220628,execution,broker_win_rate,0.0,,{}
1779381220628,execution,broker_avg_hold_s,0.0,,{}
1779381220628,execution,broker_current_losing_streak,0.0,,{}
1779381220628,execution,broker_worst_losing_streak,0.0,,{}
1779381220628,execution,broker_open_orders,0.0,,{}
1779381220628,execution,broker_broker_mode,,live_alpaca,{}
1779381220628,safety,safe_mode,0.0,,{}
1779381220628,safety,kill_switch,0.0,,{}
1779381220628,safety,runtime_health_status,,OK,{}
1779381220628,safety,api_errors,0.0,,{}
1779381220628,safety,order_rejections,0.0,,{}
1779381220628,safety,stale_data_violations,0.0,,{}
1779381220628,safety,health_messages,,,"{""value_json"": ""[]""}"
1779381220628,system,rss_memory_mb,96.949,,{}
1779381220628,system,thread_count,2.0,,{}
1779381220628,system,sqlite_size_mb,1885.005,,{}
1779381235657,runtime,uptime_seconds,706.133,,{}
1779381235657,runtime,runtime_profile,,dry_run,{}
1779381235657,runtime,process_start_ts,1779380529.0,,{}
1779381235657,runtime,process_start_ts_ms,1779380529524.0,,{}
1779381235657,runtime,pid,42498.0,,{}
1779381235657,runtime,heartbeat_age_seconds,5.01,,{}
1779381235657,market_data,ws_connected,0.0,,{}
1779381235657,market_data,ws_disconnect_count,0.0,,{}
1779381235657,market_data,poll_ok,1605.0,,{}
1779381235657,market_data,poll_err,0.0,,{}
1779381235657,market_data,poll_backoff_s,0.0,,{}
1779381235657,market_data,active_symbols,3.0,,{}
1779381235657,market_data,ready_symbols,3.0,,{}
1779381235657,market_data,ready_symbol_list,,,"{""value_json"": ""[\""BNBUSDT\"", \""BTCUSDT\"", \""ETHUSDT\""]""}"
1779381235657,market_data,stale_symbols,,,"{""value_json"": ""[]""}"
1779381235657,market_data,stale_global,0.0,,{}
1779381235657,ml,feature_updates,1591.0,,{}
1779381235657,ml,prediction_count,0.0,,{}
1779381235657,ml,candidate_count,2.0,,{}
1779381235657,ml,ranking_count,1.0,,{}
1779381235657,ml,signal_count,0.0,,{}
1779381235657,ml,inference_failures,0.0,,{}
1779381235657,ml,fallback_predictions,0.0,,{}
1779381235657,ml,last_refresh_ts_ms,,,{}
1779381235657,ml,last_ranking_ts_ms,1779381232000.0,,{}
1779381235657,ml,top_symbols,,,"{""value_json"": ""[\""ETHUSDT\""]""}"
1779381235657,ml,shadow_prediction_count,17.0,,{}
1779381235657,ml,shadow_candidate_count,17.0,,{}
1779381235657,ml,shadow_signal_count,0.0,,{}
1779381235657,ml,shadow_would_trade_count,0.0,,{}
1779381235657,ml,shadow_blocked_execution_count,0.0,,{}
1779381235657,ml,parity_check_count,0.0,,{}
1779381235657,ml,parity_failure_count,0.0,,{}
1779381235657,execution,fills,0.0,,{}
1779381235657,execution,open_positions,0.0,,{}
1779381235657,execution,exposure,0.0,,{}
1779381235657,execution,realized_pnl,0.0,,{}
1779381235657,execution,unrealized_pnl,0.0,,{}
1779381235657,execution,equity,100.0,,{}
1779381235657,execution,cash,100.0,,{}
1779381235657,execution,rejected_orders,0.0,,{}
1779381235657,execution,open_orders,0.0,,{}
1779381235657,execution,broker_realized_pnl,0.0,,{}
1779381235657,execution,broker_trades,0.0,,{}
1779381235657,execution,broker_wins,0.0,,{}
1779381235657,execution,broker_losses,0.0,,{}
1779381235657,execution,broker_win_rate,0.0,,{}
1779381235657,execution,broker_avg_hold_s,0.0,,{}
1779381235657,execution,broker_current_losing_streak,0.0,,{}
1779381235657,execution,broker_worst_losing_streak,0.0,,{}
1779381235657,execution,broker_open_orders,0.0,,{}
1779381235657,execution,broker_broker_mode,,live_alpaca,{}
1779381235657,safety,safe_mode,0.0,,{}
1779381235657,safety,kill_switch,0.0,,{}
1779381235657,safety,runtime_health_status,,OK,{}
1779381235657,safety,api_errors,0.0,,{}
1779381235657,safety,order_rejections,0.0,,{}
1779381235657,safety,stale_data_violations,0.0,,{}
1779381235657,safety,health_messages,,,"{""value_json"": ""[]""}"
1779381235657,system,rss_memory_mb,97.562,,{}
1779381235657,system,thread_count,2.0,,{}
1779381235657,system,sqlite_size_mb,1885.005,,{}
1779381250687,runtime,uptime_seconds,721.163,,{}
1779381250687,runtime,runtime_profile,,dry_run,{}
1779381250687,runtime,process_start_ts,1779380529.0,,{}
1779381250687,runtime,process_start_ts_ms,1779380529524.0,,{}
1779381250687,runtime,pid,42498.0,,{}
1779381250687,runtime,heartbeat_age_seconds,0.0,,{}
1779381250687,market_data,ws_connected,0.0,,{}
1779381250687,market_data,ws_disconnect_count,0.0,,{}
1779381250687,market_data,poll_ok,1640.0,,{}
1779381250687,market_data,poll_err,0.0,,{}
1779381250687,market_data,poll_backoff_s,0.0,,{}
1779381250687,market_data,active_symbols,3.0,,{}
1779381250687,market_data,ready_symbols,3.0,,{}
1779381250687,market_data,ready_symbol_list,,,"{""value_json"": ""[\""BNBUSDT\"", \""BTCUSDT\"", \""ETHUSDT\""]""}"
1779381250687,market_data,stale_symbols,,,"{""value_json"": ""[]""}"
1779381250687,market_data,stale_global,0.0,,{}
1779381250687,ml,feature_updates,1626.0,,{}
1779381250687,ml,prediction_count,0.0,,{}
1779381250687,ml,candidate_count,2.0,,{}
1779381250687,ml,ranking_count,1.0,,{}
1779381250687,ml,signal_count,0.0,,{}
1779381250687,ml,inference_failures,0.0,,{}
1779381250687,ml,fallback_predictions,0.0,,{}
1779381250687,ml,last_refresh_ts_ms,,,{}
1779381250687,ml,last_ranking_ts_ms,1779381232000.0,,{}
1779381250687,ml,top_symbols,,,"{""value_json"": ""[\""ETHUSDT\""]""}"
1779381250687,ml,shadow_prediction_count,17.0,,{}
1779381250687,ml,shadow_candidate_count,17.0,,{}
1779381250687,ml,shadow_signal_count,0.0,,{}
1779381250687,ml,shadow_would_trade_count,0.0,,{}
1779381250687,ml,shadow_blocked_execution_count,0.0,,{}
1779381250687,ml,parity_check_count,0.0,,{}
1779381250687,ml,parity_failure_count,0.0,,{}
1779381250687,execution,fills,0.0,,{}
1779381250687,execution,open_positions,0.0,,{}
1779381250687,execution,exposure,0.0,,{}
1779381250687,execution,realized_pnl,0.0,,{}
1779381250687,execution,unrealized_pnl,0.0,,{}
1779381250687,execution,equity,100.0,,{}
1779381250687,execution,cash,100.0,,{}
1779381250687,execution,rejected_orders,0.0,,{}
1779381250687,execution,open_orders,0.0,,{}
1779381250687,execution,broker_realized_pnl,0.0,,{}
1779381250687,execution,broker_trades,0.0,,{}
1779381250687,execution,broker_wins,0.0,,{}
1779381250687,execution,broker_losses,0.0,,{}
1779381250687,execution,broker_win_rate,0.0,,{}
1779381250687,execution,broker_avg_hold_s,0.0,,{}
1779381250687,execution,broker_current_losing_streak,0.0,,{}
1779381250687,execution,broker_worst_losing_streak,0.0,,{}
1779381250687,execution,broker_open_orders,0.0,,{}
1779381250687,execution,broker_broker_mode,,live_alpaca,{}
1779381250687,safety,safe_mode,0.0,,{}
1779381250687,safety,kill_switch,0.0,,{}
1779381250687,safety,runtime_health_status,,OK,{}
1779381250687,safety,api_errors,0.0,,{}
1779381250687,safety,order_rejections,0.0,,{}
1779381250687,safety,stale_data_violations,0.0,,{}
1779381250687,safety,health_messages,,,"{""value_json"": ""[]""}"
1779381250687,system,rss_memory_mb,97.566,,{}
1779381250687,system,thread_count,2.0,,{}
1779381250687,system,sqlite_size_mb,1885.005,,{}
1779381265718,runtime,uptime_seconds,736.194,,{}
1779381265718,runtime,runtime_profile,,dry_run,{}
1779381265718,runtime,process_start_ts,1779380529.0,,{}
1779381265718,runtime,process_start_ts_ms,1779380529524.0,,{}
1779381265718,runtime,pid,42498.0,,{}
1779381265718,runtime,heartbeat_age_seconds,5.006,,{}
1779381265718,market_data,ws_connected,0.0,,{}
1779381265718,market_data,ws_disconnect_count,0.0,,{}
1779381265718,market_data,poll_ok,1675.0,,{}
1779381265718,market_data,poll_err,0.0,,{}
1779381265718,market_data,poll_backoff_s,0.0,,{}
1779381265718,market_data,active_symbols,3.0,,{}
1779381265718,market_data,ready_symbols,3.0,,{}
1779381265718,market_data,ready_symbol_list,,,"{""value_json"": ""[\""BNBUSDT\"", \""BTCUSDT\"", \""ETHUSDT\""]""}"
1779381265718,market_data,stale_symbols,,,"{""value_json"": ""[]""}"
1779381265718,market_data,stale_global,0.0,,{}
1779381265718,ml,feature_updates,1661.0,,{}
1779381265718,ml,prediction_count,0.0,,{}
1779381265718,ml,candidate_count,2.0,,{}
1779381265718,ml,ranking_count,1.0,,{}
1779381265718,ml,signal_count,0.0,,{}
1779381265718,ml,inference_failures,0.0,,{}
1779381265718,ml,fallback_predictions,0.0,,{}
1779381265718,ml,last_refresh_ts_ms,,,{}
1779381265718,ml,last_ranking_ts_ms,1779381232000.0,,{}
1779381265718,ml,top_symbols,,,"{""value_json"": ""[\""ETHUSDT\""]""}"
1779381265718,ml,shadow_prediction_count,17.0,,{}
1779381265718,ml,shadow_candidate_count,17.0,,{}
1779381265718,ml,shadow_signal_count,0.0,,{}
1779381265718,ml,shadow_would_trade_count,0.0,,{}
1779381265718,ml,shadow_blocked_execution_count,0.0,,{}
1779381265718,ml,parity_check_count,0.0,,{}
1779381265718,ml,parity_failure_count,0.0,,{}
1779381265718,execution,fills,0.0,,{}
1779381265718,execution,open_positions,0.0,,{}
1779381265718,execution,exposure,0.0,,{}
1779381265718,execution,realized_pnl,0.0,,{}
1779381265718,execution,unrealized_pnl,0.0,,{}
1779381265718,execution,equity,100.0,,{}
1779381265718,execution,cash,100.0,,{}
1779381265718,execution,rejected_orders,0.0,,{}
1779381265718,execution,open_orders,0.0,,{}
1779381265718,execution,broker_realized_pnl,0.0,,{}
1779381265718,execution,broker_trades,0.0,,{}
1779381265718,execution,broker_wins,0.0,,{}
1779381265718,execution,broker_losses,0.0,,{}
1779381265718,execution,broker_win_rate,0.0,,{}
1779381265718,execution,broker_avg_hold_s,0.0,,{}
1779381265718,execution,broker_current_losing_streak,0.0,,{}
1779381265718,execution,broker_worst_losing_streak,0.0,,{}
1779381265718,execution,broker_open_orders,0.0,,{}
1779381265718,execution,broker_broker_mode,,live_alpaca,{}
1779381265718,safety,safe_mode,0.0,,{}
1779381265718,safety,kill_switch,0.0,,{}
1779381265718,safety,runtime_health_status,,OK,{}
1779381265718,safety,api_errors,0.0,,{}
1779381265718,safety,order_rejections,0.0,,{}
1779381265718,safety,stale_data_violations,0.0,,{}
1779381265718,safety,health_messages,,,"{""value_json"": ""[]""}"
1779381265718,system,rss_memory_mb,97.566,,{}
1779381265718,system,thread_count,2.0,,{}
1779381265718,system,sqlite_size_mb,1885.036,,{}
1779381280738,runtime,uptime_seconds,751.215,,{}
1779381280738,runtime,runtime_profile,,dry_run,{}
1779381280738,runtime,process_start_ts,1779380529.0,,{}
1779381280738,runtime,process_start_ts_ms,1779380529524.0,,{}
1779381280738,runtime,pid,42498.0,,{}
1779381280738,runtime,heartbeat_age_seconds,0.0,,{}
1779381280738,market_data,ws_connected,0.0,,{}
1779381280738,market_data,ws_disconnect_count,0.0,,{}
1779381280738,market_data,poll_ok,1710.0,,{}
1779381280738,market_data,poll_err,0.0,,{}
1779381280738,market_data,poll_backoff_s,0.0,,{}
1779381280738,market_data,active_symbols,3.0,,{}
1779381280738,market_data,ready_symbols,3.0,,{}
1779381280738,market_data,ready_symbol_list,,,"{""value_json"": ""[\""BNBUSDT\"", \""BTCUSDT\"", \""ETHUSDT\""]""}"
1779381280738,market_data,stale_symbols,,,"{""value_json"": ""[]""}"
1779381280738,market_data,stale_global,0.0,,{}
1779381280738,ml,feature_updates,1696.0,,{}
1779381280738,ml,prediction_count,0.0,,{}
1779381280738,ml,candidate_count,2.0,,{}
1779381280738,ml,ranking_count,1.0,,{}
1779381280738,ml,signal_count,0.0,,{}
1779381280738,ml,inference_failures,0.0,,{}
1779381280738,ml,fallback_predictions,0.0,,{}
1779381280738,ml,last_refresh_ts_ms,,,{}
1779381280738,ml,last_ranking_ts_ms,1779381232000.0,,{}
1779381280738,ml,top_symbols,,,"{""value_json"": ""[\""ETHUSDT\""]""}"
1779381280738,ml,shadow_prediction_count,17.0,,{}
1779381280738,ml,shadow_candidate_count,17.0,,{}
1779381280738,ml,shadow_signal_count,0.0,,{}
1779381280738,ml,shadow_would_trade_count,0.0,,{}
1779381280738,ml,shadow_blocked_execution_count,0.0,,{}
1779381280738,ml,parity_check_count,0.0,,{}
1779381280738,ml,parity_failure_count,0.0,,{}
1779381280738,execution,fills,0.0,,{}
1779381280738,execution,open_positions,0.0,,{}
1779381280738,execution,exposure,0.0,,{}
1779381280738,execution,realized_pnl,0.0,,{}
1779381280738,execution,unrealized_pnl,0.0,,{}
1779381280738,execution,equity,100.0,,{}
1779381280738,execution,cash,100.0,,{}
1779381280738,execution,rejected_orders,0.0,,{}
1779381280738,execution,open_orders,0.0,,{}
1779381280738,execution,broker_realized_pnl,0.0,,{}
1779381280738,execution,broker_trades,0.0,,{}
1779381280738,execution,broker_wins,0.0,,{}
1779381280738,execution,broker_losses,0.0,,{}
1779381280738,execution,broker_win_rate,0.0,,{}
1779381280738,execution,broker_avg_hold_s,0.0,,{}
1779381280738,execution,broker_current_losing_streak,0.0,,{}
1779381280738,execution,broker_worst_losing_streak,0.0,,{}
1779381280738,execution,broker_open_orders,0.0,,{}
1779381280738,execution,broker_broker_mode,,live_alpaca,{}
1779381280738,safety,safe_mode,0.0,,{}
1779381280738,safety,kill_switch,0.0,,{}
1779381280738,safety,runtime_health_status,,OK,{}
1779381280738,safety,api_errors,0.0,,{}
1779381280738,safety,order_rejections,0.0,,{}
1779381280738,safety,stale_data_violations,0.0,,{}
1779381280738,safety,health_messages,,,"{""value_json"": ""[]""}"
1779381280738,system,rss_memory_mb,97.566,,{}
1779381280738,system,thread_count,2.0,,{}
1779381280738,system,sqlite_size_mb,1885.036,,{}
1779381295768,runtime,uptime_seconds,766.245,,{}
1779381295768,runtime,runtime_profile,,dry_run,{}
1779381295768,runtime,process_start_ts,1779380529.0,,{}
1779381295768,runtime,process_start_ts_ms,1779380529524.0,,{}
1779381295768,runtime,pid,42498.0,,{}
1779381295768,runtime,heartbeat_age_seconds,5.014,,{}
1779381295768,market_data,ws_connected,0.0,,{}
1779381295768,market_data,ws_disconnect_count,0.0,,{}
1779381295768,market_data,poll_ok,1743.0,,{}
1779381295768,market_data,poll_err,0.0,,{}
1779381295768,market_data,poll_backoff_s,0.0,,{}
1779381295768,market_data,active_symbols,3.0,,{}
1779381295768,market_data,ready_symbols,3.0,,{}
1779381295768,market_data,ready_symbol_list,,,"{""value_json"": ""[\""BNBUSDT\"", \""BTCUSDT\"", \""ETHUSDT\""]""}"
1779381295768,market_data,stale_symbols,,,"{""value_json"": ""[]""}"
1779381295768,market_data,stale_global,0.0,,{}
1779381295768,ml,feature_updates,1729.0,,{}
1779381295768,ml,prediction_count,0.0,,{}
1779381295768,ml,candidate_count,2.0,,{}
1779381295768,ml,ranking_count,1.0,,{}
1779381295768,ml,signal_count,0.0,,{}
1779381295768,ml,inference_failures,0.0,,{}
1779381295768,ml,fallback_predictions,0.0,,{}
1779381295768,ml,last_refresh_ts_ms,,,{}
1779381295768,ml,last_ranking_ts_ms,1779381292000.0,,{}
1779381295768,ml,top_symbols,,,"{""value_json"": ""[\""BTCUSDT\""]""}"
1779381295768,ml,shadow_prediction_count,19.0,,{}
1779381295768,ml,shadow_candidate_count,19.0,,{}
1779381295768,ml,shadow_signal_count,0.0,,{}
1779381295768,ml,shadow_would_trade_count,0.0,,{}
1779381295768,ml,shadow_blocked_execution_count,0.0,,{}
1779381295768,ml,parity_check_count,0.0,,{}
1779381295768,ml,parity_failure_count,0.0,,{}
1779381295768,execution,fills,0.0,,{}
1779381295768,execution,open_positions,0.0,,{}
1779381295768,execution,exposure,0.0,,{}
1779381295768,execution,realized_pnl,0.0,,{}
1779381295768,execution,unrealized_pnl,0.0,,{}
1779381295768,execution,equity,100.0,,{}
1779381295768,execution,cash,100.0,,{}
1779381295768,execution,rejected_orders,0.0,,{}
1779381295768,execution,open_orders,0.0,,{}
1779381295768,execution,broker_realized_pnl,0.0,,{}
1779381295768,execution,broker_trades,0.0,,{}
1779381295768,execution,broker_wins,0.0,,{}
1779381295768,execution,broker_losses,0.0,,{}
1779381295768,execution,broker_win_rate,0.0,,{}
1779381295768,execution,broker_avg_hold_s,0.0,,{}
1779381295768,execution,broker_current_losing_streak,0.0,,{}
1779381295768,execution,broker_worst_losing_streak,0.0,,{}
1779381295768,execution,broker_open_orders,0.0,,{}
1779381295768,execution,broker_broker_mode,,live_alpaca,{}
1779381295768,safety,safe_mode,0.0,,{}
1779381295768,safety,kill_switch,0.0,,{}
1779381295768,safety,runtime_health_status,,OK,{}
1779381295768,safety,api_errors,0.0,,{}
1779381295768,safety,order_rejections,0.0,,{}
1779381295768,safety,stale_data_violations,0.0,,{}
1779381295768,safety,health_messages,,,"{""value_json"": ""[]""}"
1779381295768,system,rss_memory_mb,97.566,,{}
1779381295768,system,thread_count,2.0,,{}
1779381295768,system,sqlite_size_mb,1885.036,,{}
1779381310791,runtime,uptime_seconds,781.267,,{}
1779381310791,runtime,runtime_profile,,dry_run,{}
1779381310791,runtime,process_start_ts,1779380529.0,,{}
1779381310791,runtime,process_start_ts_ms,1779380529524.0,,{}
1779381310791,runtime,pid,42498.0,,{}
1779381310791,runtime,heartbeat_age_seconds,0.001,,{}
1779381310791,market_data,ws_connected,0.0,,{}
1779381310791,market_data,ws_disconnect_count,0.0,,{}
1779381310791,market_data,poll_ok,1788.0,,{}
1779381310791,market_data,poll_err,0.0,,{}
1779381310791,market_data,poll_backoff_s,0.0,,{}
1779381310791,market_data,active_symbols,3.0,,{}
1779381310791,market_data,ready_symbols,3.0,,{}
1779381310791,market_data,ready_symbol_list,,,"{""value_json"": ""[\""BNBUSDT\"", \""BTCUSDT\"", \""ETHUSDT\""]""}"
1779381310791,market_data,stale_symbols,,,"{""value_json"": ""[]""}"
1779381310791,market_data,stale_global,0.0,,{}
1779381310791,ml,feature_updates,1767.0,,{}
1779381310791,ml,prediction_count,0.0,,{}
1779381310791,ml,candidate_count,2.0,,{}
1779381310791,ml,ranking_count,1.0,,{}
1779381310791,ml,signal_count,0.0,,{}
1779381310791,ml,inference_failures,0.0,,{}
1779381310791,ml,fallback_predictions,0.0,,{}
1779381310791,ml,last_refresh_ts_ms,,,{}
1779381310791,ml,last_ranking_ts_ms,1779381292000.0,,{}
1779381310791,ml,top_symbols,,,"{""value_json"": ""[\""BTCUSDT\""]""}"
1779381310791,ml,shadow_prediction_count,19.0,,{}
1779381310791,ml,shadow_candidate_count,19.0,,{}
1779381310791,ml,shadow_signal_count,0.0,,{}
1779381310791,ml,shadow_would_trade_count,0.0,,{}
1779381310791,ml,shadow_blocked_execution_count,0.0,,{}
1779381310791,ml,parity_check_count,0.0,,{}
1779381310791,ml,parity_failure_count,0.0,,{}
1779381310791,execution,fills,0.0,,{}
1779381310791,execution,open_positions,0.0,,{}
1779381310791,execution,exposure,0.0,,{}
1779381310791,execution,realized_pnl,0.0,,{}
1779381310791,execution,unrealized_pnl,0.0,,{}
1779381310791,execution,equity,100.0,,{}
1779381310791,execution,cash,100.0,,{}
1779381310791,execution,rejected_orders,0.0,,{}
1779381310791,execution,open_orders,0.0,,{}
1779381310791,execution,broker_realized_pnl,0.0,,{}
1779381310791,execution,broker_trades,0.0,,{}
1779381310791,execution,broker_wins,0.0,,{}
1779381310791,execution,broker_losses,0.0,,{}
1779381310791,execution,broker_win_rate,0.0,,{}
1779381310791,execution,broker_avg_hold_s,0.0,,{}
1779381310791,execution,broker_current_losing_streak,0.0,,{}
1779381310791,execution,broker_worst_losing_streak,0.0,,{}
1779381310791,execution,broker_open_orders,0.0,,{}
1779381310791,execution,broker_broker_mode,,live_alpaca,{}
1779381310791,safety,safe_mode,0.0,,{}
1779381310791,safety,kill_switch,0.0,,{}
1779381310791,safety,runtime_health_status,,OK,{}
1779381310791,safety,api_errors,0.0,,{}
1779381310791,safety,order_rejections,0.0,,{}
1779381310791,safety,stale_data_violations,0.0,,{}
1779381310791,safety,health_messages,,,"{""value_json"": ""[]""}"
1779381310791,system,rss_memory_mb,97.566,,{}
1779381310791,system,thread_count,2.0,,{}
1779381310791,system,sqlite_size_mb,1885.036,,{}
1779381325818,runtime,uptime_seconds,796.294,,{}
1779381325818,runtime,runtime_profile,,dry_run,{}
1779381325818,runtime,process_start_ts,1779380529.0,,{}
1779381325818,runtime,process_start_ts_ms,1779380529524.0,,{}
1779381325818,runtime,pid,42498.0,,{}
1779381325818,runtime,heartbeat_age_seconds,5.007,,{}
1779381325818,market_data,ws_connected,0.0,,{}
1779381325818,market_data,ws_disconnect_count,0.0,,{}
1779381325818,market_data,poll_ok,1842.0,,{}
1779381325818,market_data,poll_err,0.0,,{}
1779381325818,market_data,poll_backoff_s,0.0,,{}
1779381325818,market_data,active_symbols,3.0,,{}
1779381325818,market_data,ready_symbols,3.0,,{}
1779381325818,market_data,ready_symbol_list,,,"{""value_json"": ""[\""BNBUSDT\"", \""BTCUSDT\"", \""ETHUSDT\""]""}"
1779381325818,market_data,stale_symbols,,,"{""value_json"": ""[]""}"
1779381325818,market_data,stale_global,0.0,,{}
1779381325818,ml,feature_updates,1813.0,,{}
1779381325818,ml,prediction_count,0.0,,{}
1779381325818,ml,candidate_count,2.0,,{}
1779381325818,ml,ranking_count,1.0,,{}
1779381325818,ml,signal_count,0.0,,{}
1779381325818,ml,inference_failures,0.0,,{}
1779381325818,ml,fallback_predictions,0.0,,{}
1779381325818,ml,last_refresh_ts_ms,,,{}
1779381325818,ml,last_ranking_ts_ms,1779381292000.0,,{}
1779381325818,ml,top_symbols,,,"{""value_json"": ""[\""BTCUSDT\""]""}"
1779381325818,ml,shadow_prediction_count,19.0,,{}
1779381325818,ml,shadow_candidate_count,19.0,,{}
1779381325818,ml,shadow_signal_count,0.0,,{}
1779381325818,ml,shadow_would_trade_count,0.0,,{}
1779381325818,ml,shadow_blocked_execution_count,0.0,,{}
1779381325818,ml,parity_check_count,0.0,,{}
1779381325818,ml,parity_failure_count,0.0,,{}
1779381325818,execution,fills,0.0,,{}
1779381325818,execution,open_positions,0.0,,{}
1779381325818,execution,exposure,0.0,,{}
1779381325818,execution,realized_pnl,0.0,,{}
1779381325818,execution,unrealized_pnl,0.0,,{}
1779381325818,execution,equity,100.0,,{}
1779381325818,execution,cash,100.0,,{}
1779381325818,execution,rejected_orders,0.0,,{}
1779381325818,execution,open_orders,0.0,,{}
1779381325818,execution,broker_realized_pnl,0.0,,{}
1779381325818,execution,broker_trades,0.0,,{}
1779381325818,execution,broker_wins,0.0,,{}
1779381325818,execution,broker_losses,0.0,,{}
1779381325818,execution,broker_win_rate,0.0,,{}
1779381325818,execution,broker_avg_hold_s,0.0,,{}
1779381325818,execution,broker_current_losing_streak,0.0,,{}
1779381325818,execution,broker_worst_losing_streak,0.0,,{}
1779381325818,execution,broker_open_orders,0.0,,{}
1779381325818,execution,broker_broker_mode,,live_alpaca,{}
1779381325818,safety,safe_mode,0.0,,{}
1779381325818,safety,kill_switch,0.0,,{}
1779381325818,safety,runtime_health_status,,OK,{}
1779381325818,safety,api_errors,0.0,,{}
1779381325818,safety,order_rejections,0.0,,{}
1779381325818,safety,stale_data_violations,0.0,,{}
1779381325818,safety,health_messages,,,"{""value_json"": ""[]""}"
1779381325818,system,rss_memory_mb,97.566,,{}
1779381325818,system,thread_count,2.0,,{}
1779381325818,system,sqlite_size_mb,1885.083,,{}
1779381340855,runtime,uptime_seconds,811.331,,{}
1779381340855,runtime,runtime_profile,,dry_run,{}
1779381340855,runtime,process_start_ts,1779380529.0,,{}
1779381340855,runtime,process_start_ts_ms,1779380529524.0,,{}
1779381340855,runtime,pid,42498.0,,{}
1779381340855,runtime,heartbeat_age_seconds,0.001,,{}
1779381340855,market_data,ws_connected,0.0,,{}
1779381340855,market_data,ws_disconnect_count,0.0,,{}
1779381340855,market_data,poll_ok,1886.0,,{}
1779381340855,market_data,poll_err,0.0,,{}
1779381340855,market_data,poll_backoff_s,0.0,,{}
1779381340855,market_data,active_symbols,3.0,,{}
1779381340855,market_data,ready_symbols,3.0,,{}
1779381340855,market_data,ready_symbol_list,,,"{""value_json"": ""[\""BNBUSDT\"", \""BTCUSDT\"", \""ETHUSDT\""]""}"
1779381340855,market_data,stale_symbols,,,"{""value_json"": ""[]""}"
1779381340855,market_data,stale_global,0.0,,{}
1779381340855,ml,feature_updates,1853.0,,{}
1779381340855,ml,prediction_count,0.0,,{}
1779381340855,ml,candidate_count,2.0,,{}
1779381340855,ml,ranking_count,1.0,,{}
1779381340855,ml,signal_count,0.0,,{}
1779381340855,ml,inference_failures,0.0,,{}
1779381340855,ml,fallback_predictions,0.0,,{}
1779381340855,ml,last_refresh_ts_ms,,,{}
1779381340855,ml,last_ranking_ts_ms,1779381292000.0,,{}
1779381340855,ml,top_symbols,,,"{""value_json"": ""[\""BTCUSDT\""]""}"
1779381340855,ml,shadow_prediction_count,19.0,,{}
1779381340855,ml,shadow_candidate_count,19.0,,{}
1779381340855,ml,shadow_signal_count,0.0,,{}
1779381340855,ml,shadow_would_trade_count,0.0,,{}
1779381340855,ml,shadow_blocked_execution_count,0.0,,{}
1779381340855,ml,parity_check_count,0.0,,{}
1779381340855,ml,parity_failure_count,0.0,,{}
1779381340855,execution,fills,0.0,,{}
1779381340855,execution,open_positions,0.0,,{}
1779381340855,execution,exposure,0.0,,{}
1779381340855,execution,realized_pnl,0.0,,{}
1779381340855,execution,unrealized_pnl,0.0,,{}
1779381340855,execution,equity,100.0,,{}
1779381340855,execution,cash,100.0,,{}
1779381340855,execution,rejected_orders,0.0,,{}
1779381340855,execution,open_orders,0.0,,{}
1779381340855,execution,broker_realized_pnl,0.0,,{}
1779381340855,execution,broker_trades,0.0,,{}
1779381340855,execution,broker_wins,0.0,,{}
1779381340855,execution,broker_losses,0.0,,{}
1779381340855,execution,broker_win_rate,0.0,,{}
1779381340855,execution,broker_avg_hold_s,0.0,,{}
1779381340855,execution,broker_current_losing_streak,0.0,,{}
1779381340855,execution,broker_worst_losing_streak,0.0,,{}
1779381340855,execution,broker_open_orders,0.0,,{}
1779381340855,execution,broker_broker_mode,,live_alpaca,{}
1779381340855,safety,safe_mode,0.0,,{}
1779381340855,safety,kill_switch,0.0,,{}
1779381340855,safety,runtime_health_status,,OK,{}
1779381340855,safety,api_errors,0.0,,{}
1779381340855,safety,order_rejections,0.0,,{}
1779381340855,safety,stale_data_violations,0.0,,{}
1779381340855,safety,health_messages,,,"{""value_json"": ""[]""}"
1779381340855,system,rss_memory_mb,97.566,,{}
1779381340855,system,thread_count,2.0,,{}
1779381340855,system,sqlite_size_mb,1885.083,,{}
1779381355880,runtime,uptime_seconds,826.356,,{}
1779381355880,runtime,runtime_profile,,dry_run,{}
1779381355880,runtime,process_start_ts,1779380529.0,,{}
1779381355880,runtime,process_start_ts_ms,1779380529524.0,,{}
1779381355880,runtime,pid,42498.0,,{}
1779381355880,runtime,heartbeat_age_seconds,5.011,,{}
1779381355880,market_data,ws_connected,0.0,,{}
1779381355880,market_data,ws_disconnect_count,0.0,,{}
1779381355880,market_data,poll_ok,1924.0,,{}
1779381355880,market_data,poll_err,0.0,,{}
1779381355880,market_data,poll_backoff_s,0.0,,{}
1779381355880,market_data,active_symbols,3.0,,{}
1779381355880,market_data,ready_symbols,3.0,,{}
1779381355880,market_data,ready_symbol_list,,,"{""value_json"": ""[\""BNBUSDT\"", \""BTCUSDT\"", \""ETHUSDT\""]""}"
1779381355880,market_data,stale_symbols,,,"{""value_json"": ""[]""}"
1779381355880,market_data,stale_global,0.0,,{}
1779381355880,ml,feature_updates,1891.0,,{}
1779381355880,ml,prediction_count,0.0,,{}
1779381355880,ml,candidate_count,2.0,,{}
1779381355880,ml,ranking_count,1.0,,{}
1779381355880,ml,signal_count,0.0,,{}
1779381355880,ml,inference_failures,0.0,,{}
1779381355880,ml,fallback_predictions,0.0,,{}
1779381355880,ml,last_refresh_ts_ms,,,{}
1779381355880,ml,last_ranking_ts_ms,1779381352000.0,,{}
1779381355880,ml,top_symbols,,,"{""value_json"": ""[\""BTCUSDT\""]""}"
1779381355880,ml,shadow_prediction_count,21.0,,{}
1779381355880,ml,shadow_candidate_count,21.0,,{}
1779381355880,ml,shadow_signal_count,0.0,,{}
1779381355880,ml,shadow_would_trade_count,0.0,,{}
1779381355880,ml,shadow_blocked_execution_count,0.0,,{}
1779381355880,ml,parity_check_count,0.0,,{}
1779381355880,ml,parity_failure_count,0.0,,{}
1779381355880,execution,fills,0.0,,{}
1779381355880,execution,open_positions,0.0,,{}
1779381355880,execution,exposure,0.0,,{}
1779381355880,execution,realized_pnl,0.0,,{}
1779381355880,execution,unrealized_pnl,0.0,,{}
1779381355880,execution,equity,100.0,,{}
1779381355880,execution,cash,100.0,,{}
1779381355880,execution,rejected_orders,0.0,,{}
1779381355880,execution,open_orders,0.0,,{}
1779381355880,execution,broker_realized_pnl,0.0,,{}
1779381355880,execution,broker_trades,0.0,,{}
1779381355880,execution,broker_wins,0.0,,{}
1779381355880,execution,broker_losses,0.0,,{}
1779381355880,execution,broker_win_rate,0.0,,{}
1779381355880,execution,broker_avg_hold_s,0.0,,{}
1779381355880,execution,broker_current_losing_streak,0.0,,{}
1779381355880,execution,broker_worst_losing_streak,0.0,,{}
1779381355880,execution,broker_open_orders,0.0,,{}
1779381355880,execution,broker_broker_mode,,live_alpaca,{}
1779381355880,safety,safe_mode,0.0,,{}
1779381355880,safety,kill_switch,0.0,,{}
1779381355880,safety,runtime_health_status,,OK,{}
1779381355880,safety,api_errors,0.0,,{}
1779381355880,safety,order_rejections,0.0,,{}
1779381355880,safety,stale_data_violations,0.0,,{}
1779381355880,safety,health_messages,,,"{""value_json"": ""[]""}"
1779381355880,system,rss_memory_mb,97.566,,{}
1779381355880,system,thread_count,2.0,,{}
1779381355880,system,sqlite_size_mb,1885.083,,{}
1779381370914,runtime,uptime_seconds,841.391,,{}
1779381370914,runtime,runtime_profile,,dry_run,{}
1779381370914,runtime,process_start_ts,1779380529.0,,{}
1779381370914,runtime,process_start_ts_ms,1779380529524.0,,{}
1779381370914,runtime,pid,42498.0,,{}
1779381370914,runtime,heartbeat_age_seconds,0.0,,{}
1779381370914,market_data,ws_connected,0.0,,{}
1779381370914,market_data,ws_disconnect_count,0.0,,{}
1779381370914,market_data,poll_ok,1965.0,,{}
1779381370914,market_data,poll_err,0.0,,{}
1779381370914,market_data,poll_backoff_s,0.0,,{}
1779381370914,market_data,active_symbols,3.0,,{}
1779381370914,market_data,ready_symbols,3.0,,{}
1779381370914,market_data,ready_symbol_list,,,"{""value_json"": ""[\""BNBUSDT\"", \""BTCUSDT\"", \""ETHUSDT\""]""}"
1779381370914,market_data,stale_symbols,,,"{""value_json"": ""[]""}"
1779381370914,market_data,stale_global,0.0,,{}
1779381370914,ml,feature_updates,1931.0,,{}
1779381370914,ml,prediction_count,0.0,,{}
1779381370914,ml,candidate_count,2.0,,{}
1779381370914,ml,ranking_count,1.0,,{}
1779381370914,ml,signal_count,0.0,,{}
1779381370914,ml,inference_failures,0.0,,{}
1779381370914,ml,fallback_predictions,0.0,,{}
1779381370914,ml,last_refresh_ts_ms,,,{}
1779381370914,ml,last_ranking_ts_ms,1779381352000.0,,{}
1779381370914,ml,top_symbols,,,"{""value_json"": ""[\""BTCUSDT\""]""}"
1779381370914,ml,shadow_prediction_count,21.0,,{}
1779381370914,ml,shadow_candidate_count,21.0,,{}
1779381370914,ml,shadow_signal_count,0.0,,{}
1779381370914,ml,shadow_would_trade_count,0.0,,{}
1779381370914,ml,shadow_blocked_execution_count,0.0,,{}
1779381370914,ml,parity_check_count,0.0,,{}
1779381370914,ml,parity_failure_count,0.0,,{}
1779381370914,execution,fills,0.0,,{}
1779381370914,execution,open_positions,0.0,,{}
1779381370914,execution,exposure,0.0,,{}
1779381370914,execution,realized_pnl,0.0,,{}
1779381370914,execution,unrealized_pnl,0.0,,{}
1779381370914,execution,equity,100.0,,{}
1779381370914,execution,cash,100.0,,{}
1779381370914,execution,rejected_orders,0.0,,{}
1779381370914,execution,open_orders,0.0,,{}
1779381370914,execution,broker_realized_pnl,0.0,,{}
1779381370914,execution,broker_trades,0.0,,{}
1779381370914,execution,broker_wins,0.0,,{}
1779381370914,execution,broker_losses,0.0,,{}
1779381370914,execution,broker_win_rate,0.0,,{}
1779381370914,execution,broker_avg_hold_s,0.0,,{}
1779381370914,execution,broker_current_losing_streak,0.0,,{}
1779381370914,execution,broker_worst_losing_streak,0.0,,{}
1779381370914,execution,broker_open_orders,0.0,,{}
1779381370914,execution,broker_broker_mode,,live_alpaca,{}
1779381370914,safety,safe_mode,0.0,,{}
1779381370914,safety,kill_switch,0.0,,{}
1779381370914,safety,runtime_health_status,,OK,{}
1779381370914,safety,api_errors,0.0,,{}
1779381370914,safety,order_rejections,0.0,,{}
1779381370914,safety,stale_data_violations,0.0,,{}
1779381370914,safety,health_messages,,,"{""value_json"": ""[]""}"
1779381370914,system,rss_memory_mb,97.566,,{}
1779381370914,system,thread_count,2.0,,{}
1779381370914,system,sqlite_size_mb,1885.083,,{}
1779381385943,runtime,uptime_seconds,856.42,,{}
1779381385943,runtime,runtime_profile,,dry_run,{}
1779381385943,runtime,process_start_ts,1779380529.0,,{}
1779381385943,runtime,process_start_ts_ms,1779380529524.0,,{}
1779381385943,runtime,pid,42498.0,,{}
1779381385943,runtime,heartbeat_age_seconds,5.009,,{}
1779381385943,market_data,ws_connected,0.0,,{}
1779381385943,market_data,ws_disconnect_count,0.0,,{}
1779381385943,market_data,poll_ok,2011.0,,{}
1779381385943,market_data,poll_err,0.0,,{}
1779381385943,market_data,poll_backoff_s,0.0,,{}
1779381385943,market_data,active_symbols,3.0,,{}
1779381385943,market_data,ready_symbols,3.0,,{}
1779381385943,market_data,ready_symbol_list,,,"{""value_json"": ""[\""BNBUSDT\"", \""BTCUSDT\"", \""ETHUSDT\""]""}"
1779381385943,market_data,stale_symbols,,,"{""value_json"": ""[]""}"
1779381385943,market_data,stale_global,0.0,,{}
1779381385943,ml,feature_updates,1973.0,,{}
1779381385943,ml,prediction_count,0.0,,{}
1779381385943,ml,candidate_count,2.0,,{}
1779381385943,ml,ranking_count,1.0,,{}
1779381385943,ml,signal_count,0.0,,{}
1779381385943,ml,inference_failures,0.0,,{}
1779381385943,ml,fallback_predictions,0.0,,{}
1779381385943,ml,last_refresh_ts_ms,,,{}
1779381385943,ml,last_ranking_ts_ms,1779381352000.0,,{}
1779381385943,ml,top_symbols,,,"{""value_json"": ""[\""BTCUSDT\""]""}"
1779381385943,ml,shadow_prediction_count,21.0,,{}
1779381385943,ml,shadow_candidate_count,21.0,,{}
1779381385943,ml,shadow_signal_count,0.0,,{}
1779381385943,ml,shadow_would_trade_count,0.0,,{}
1779381385943,ml,shadow_blocked_execution_count,0.0,,{}
1779381385943,ml,parity_check_count,0.0,,{}
1779381385943,ml,parity_failure_count,0.0,,{}
1779381385943,execution,fills,0.0,,{}
1779381385943,execution,open_positions,0.0,,{}
1779381385943,execution,exposure,0.0,,{}
1779381385943,execution,realized_pnl,0.0,,{}
1779381385943,execution,unrealized_pnl,0.0,,{}
1779381385943,execution,equity,100.0,,{}
1779381385943,execution,cash,100.0,,{}
1779381385943,execution,rejected_orders,0.0,,{}
1779381385943,execution,open_orders,0.0,,{}
1779381385943,execution,broker_realized_pnl,0.0,,{}
1779381385943,execution,broker_trades,0.0,,{}
1779381385943,execution,broker_wins,0.0,,{}
1779381385943,execution,broker_losses,0.0,,{}
1779381385943,execution,broker_win_rate,0.0,,{}
1779381385943,execution,broker_avg_hold_s,0.0,,{}
1779381385943,execution,broker_current_losing_streak,0.0,,{}
1779381385943,execution,broker_worst_losing_streak,0.0,,{}
1779381385943,execution,broker_open_orders,0.0,,{}
1779381385943,execution,broker_broker_mode,,live_alpaca,{}
1779381385943,safety,safe_mode,0.0,,{}
1779381385943,safety,kill_switch,0.0,,{}
1779381385943,safety,runtime_health_status,,OK,{}
1779381385943,safety,api_errors,0.0,,{}
1779381385943,safety,order_rejections,0.0,,{}
1779381385943,safety,stale_data_violations,0.0,,{}
1779381385943,safety,health_messages,,,"{""value_json"": ""[]""}"
1779381385943,system,rss_memory_mb,97.695,,{}
1779381385943,system,thread_count,2.0,,{}
1779381385943,system,sqlite_size_mb,1885.118,,{}
1779381400974,runtime,uptime_seconds,871.45,,{}
1779381400974,runtime,runtime_profile,,dry_run,{}
1779381400974,runtime,process_start_ts,1779380529.0,,{}
1779381400974,runtime,process_start_ts_ms,1779380529524.0,,{}
1779381400974,runtime,pid,42498.0,,{}
1779381400974,runtime,heartbeat_age_seconds,0.001,,{}
1779381400974,market_data,ws_connected,0.0,,{}
1779381400974,market_data,ws_disconnect_count,0.0,,{}
1779381400974,market_data,poll_ok,2053.0,,{}
1779381400974,market_data,poll_err,0.0,,{}
1779381400974,market_data,poll_backoff_s,0.0,,{}
1779381400974,market_data,active_symbols,3.0,,{}
1779381400974,market_data,ready_symbols,3.0,,{}
1779381400974,market_data,ready_symbol_list,,,"{""value_json"": ""[\""BNBUSDT\"", \""BTCUSDT\"", \""ETHUSDT\""]""}"
1779381400974,market_data,stale_symbols,,,"{""value_json"": ""[]""}"
1779381400974,market_data,stale_global,0.0,,{}
1779381400974,ml,feature_updates,2013.0,,{}
1779381400974,ml,prediction_count,0.0,,{}
1779381400974,ml,candidate_count,2.0,,{}
1779381400974,ml,ranking_count,1.0,,{}
1779381400974,ml,signal_count,0.0,,{}
1779381400974,ml,inference_failures,0.0,,{}
1779381400974,ml,fallback_predictions,0.0,,{}
1779381400974,ml,last_refresh_ts_ms,,,{}
1779381400974,ml,last_ranking_ts_ms,1779381352000.0,,{}
1779381400974,ml,top_symbols,,,"{""value_json"": ""[\""BTCUSDT\""]""}"
1779381400974,ml,shadow_prediction_count,21.0,,{}
1779381400974,ml,shadow_candidate_count,21.0,,{}
1779381400974,ml,shadow_signal_count,0.0,,{}
1779381400974,ml,shadow_would_trade_count,0.0,,{}
1779381400974,ml,shadow_blocked_execution_count,0.0,,{}
1779381400974,ml,parity_check_count,0.0,,{}
1779381400974,ml,parity_failure_count,0.0,,{}
1779381400974,execution,fills,0.0,,{}
1779381400974,execution,open_positions,0.0,,{}
1779381400974,execution,exposure,0.0,,{}
1779381400974,execution,realized_pnl,0.0,,{}
1779381400974,execution,unrealized_pnl,0.0,,{}
1779381400974,execution,equity,100.0,,{}
1779381400974,execution,cash,100.0,,{}
1779381400974,execution,rejected_orders,0.0,,{}
1779381400974,execution,open_orders,0.0,,{}
1779381400974,execution,broker_realized_pnl,0.0,,{}
1779381400974,execution,broker_trades,0.0,,{}
1779381400974,execution,broker_wins,0.0,,{}
1779381400974,execution,broker_losses,0.0,,{}
1779381400974,execution,broker_win_rate,0.0,,{}
1779381400974,execution,broker_avg_hold_s,0.0,,{}
1779381400974,execution,broker_current_losing_streak,0.0,,{}
1779381400974,execution,broker_worst_losing_streak,0.0,,{}
1779381400974,execution,broker_open_orders,0.0,,{}
1779381400974,execution,broker_broker_mode,,live_alpaca,{}
1779381400974,safety,safe_mode,0.0,,{}
1779381400974,safety,kill_switch,0.0,,{}
1779381400974,safety,runtime_health_status,,OK,{}
1779381400974,safety,api_errors,0.0,,{}
1779381400974,safety,order_rejections,0.0,,{}
1779381400974,safety,stale_data_violations,0.0,,{}
1779381400974,safety,health_messages,,,"{""value_json"": ""[]""}"
1779381400974,system,rss_memory_mb,97.695,,{}
1779381400974,system,thread_count,2.0,,{}
1779381400974,system,sqlite_size_mb,1885.118,,{}
1779381416009,runtime,uptime_seconds,886.486,,{}
1779381416009,runtime,runtime_profile,,dry_run,{}
1779381416009,runtime,process_start_ts,1779380529.0,,{}
1779381416009,runtime,process_start_ts_ms,1779380529524.0,,{}
1779381416009,runtime,pid,42498.0,,{}
1779381416009,runtime,heartbeat_age_seconds,5.009,,{}
1779381416009,market_data,ws_connected,0.0,,{}
1779381416009,market_data,ws_disconnect_count,0.0,,{}
1779381416009,market_data,poll_ok,2091.0,,{}
1779381416009,market_data,poll_err,0.0,,{}
1779381416009,market_data,poll_backoff_s,0.0,,{}
1779381416009,market_data,active_symbols,3.0,,{}
1779381416009,market_data,ready_symbols,3.0,,{}
1779381416009,market_data,ready_symbol_list,,,"{""value_json"": ""[\""BNBUSDT\"", \""BTCUSDT\"", \""ETHUSDT\""]""}"
1779381416009,market_data,stale_symbols,,,"{""value_json"": ""[]""}"
1779381416009,market_data,stale_global,0.0,,{}
1779381416009,ml,feature_updates,2051.0,,{}
1779381416009,ml,prediction_count,0.0,,{}
1779381416009,ml,candidate_count,2.0,,{}
1779381416009,ml,ranking_count,1.0,,{}
1779381416009,ml,signal_count,0.0,,{}
1779381416009,ml,inference_failures,0.0,,{}
1779381416009,ml,fallback_predictions,0.0,,{}
1779381416009,ml,last_refresh_ts_ms,,,{}
1779381416009,ml,last_ranking_ts_ms,1779381412000.0,,{}
1779381416009,ml,top_symbols,,,"{""value_json"": ""[\""ETHUSDT\""]""}"
1779381416009,ml,shadow_prediction_count,23.0,,{}
1779381416009,ml,shadow_candidate_count,23.0,,{}
1779381416009,ml,shadow_signal_count,0.0,,{}
1779381416009,ml,shadow_would_trade_count,0.0,,{}
1779381416009,ml,shadow_blocked_execution_count,0.0,,{}
1779381416009,ml,parity_check_count,0.0,,{}
1779381416009,ml,parity_failure_count,0.0,,{}
1779381416009,execution,fills,0.0,,{}
1779381416009,execution,open_positions,0.0,,{}
1779381416009,execution,exposure,0.0,,{}
1779381416009,execution,realized_pnl,0.0,,{}
1779381416009,execution,unrealized_pnl,0.0,,{}
1779381416009,execution,equity,100.0,,{}
1779381416009,execution,cash,100.0,,{}
1779381416009,execution,rejected_orders,0.0,,{}
1779381416009,execution,open_orders,0.0,,{}
1779381416009,execution,broker_realized_pnl,0.0,,{}
1779381416009,execution,broker_trades,0.0,,{}
1779381416009,execution,broker_wins,0.0,,{}
1779381416009,execution,broker_losses,0.0,,{}
1779381416009,execution,broker_win_rate,0.0,,{}
1779381416009,execution,broker_avg_hold_s,0.0,,{}
1779381416009,execution,broker_current_losing_streak,0.0,,{}
1779381416009,execution,broker_worst_losing_streak,0.0,,{}
1779381416009,execution,broker_open_orders,0.0,,{}
1779381416009,execution,broker_broker_mode,,live_alpaca,{}
1779381416009,safety,safe_mode,0.0,,{}
1779381416009,safety,kill_switch,0.0,,{}
1779381416009,safety,runtime_health_status,,OK,{}
1779381416009,safety,api_errors,0.0,,{}
1779381416009,safety,order_rejections,0.0,,{}
1779381416009,safety,stale_data_violations,0.0,,{}
1779381416009,safety,health_messages,,,"{""value_json"": ""[]""}"
1779381416009,system,rss_memory_mb,97.695,,{}
1779381416009,system,thread_count,2.0,,{}
1779381416009,system,sqlite_size_mb,1885.118,,{}
1779381431037,runtime,uptime_seconds,901.514,,{}
1779381431037,runtime,runtime_profile,,dry_run,{}
1779381431037,runtime,process_start_ts,1779380529.0,,{}
1779381431037,runtime,process_start_ts_ms,1779380529524.0,,{}
1779381431037,runtime,pid,42498.0,,{}
1779381431037,runtime,heartbeat_age_seconds,0.0,,{}
1779381431037,market_data,ws_connected,0.0,,{}
1779381431037,market_data,ws_disconnect_count,0.0,,{}
1779381431037,market_data,poll_ok,2135.0,,{}
1779381431037,market_data,poll_err,0.0,,{}
1779381431037,market_data,poll_backoff_s,0.0,,{}
1779381431037,market_data,active_symbols,3.0,,{}
1779381431037,market_data,ready_symbols,3.0,,{}
1779381431037,market_data,ready_symbol_list,,,"{""value_json"": ""[\""BNBUSDT\"", \""BTCUSDT\"", \""ETHUSDT\""]""}"
1779381431037,market_data,stale_symbols,,,"{""value_json"": ""[]""}"
1779381431037,market_data,stale_global,0.0,,{}
1779381431037,ml,feature_updates,2093.0,,{}
1779381431037,ml,prediction_count,0.0,,{}
1779381431037,ml,candidate_count,2.0,,{}
1779381431037,ml,ranking_count,1.0,,{}
1779381431037,ml,signal_count,0.0,,{}
1779381431037,ml,inference_failures,0.0,,{}
1779381431037,ml,fallback_predictions,0.0,,{}
1779381431037,ml,last_refresh_ts_ms,,,{}
1779381431037,ml,last_ranking_ts_ms,1779381412000.0,,{}
1779381431037,ml,top_symbols,,,"{""value_json"": ""[\""ETHUSDT\""]""}"
1779381431037,ml,shadow_prediction_count,23.0,,{}
1779381431037,ml,shadow_candidate_count,23.0,,{}
1779381431037,ml,shadow_signal_count,0.0,,{}
1779381431037,ml,shadow_would_trade_count,0.0,,{}
1779381431037,ml,shadow_blocked_execution_count,0.0,,{}
1779381431037,ml,parity_check_count,0.0,,{}
1779381431037,ml,parity_failure_count,0.0,,{}
1779381431037,execution,fills,0.0,,{}
1779381431037,execution,open_positions,0.0,,{}
1779381431037,execution,exposure,0.0,,{}
1779381431037,execution,realized_pnl,0.0,,{}
1779381431037,execution,unrealized_pnl,0.0,,{}
1779381431037,execution,equity,100.0,,{}
1779381431037,execution,cash,100.0,,{}
1779381431037,execution,rejected_orders,0.0,,{}
1779381431037,execution,open_orders,0.0,,{}
1779381431037,execution,broker_realized_pnl,0.0,,{}
1779381431037,execution,broker_trades,0.0,,{}
1779381431037,execution,broker_wins,0.0,,{}
1779381431037,execution,broker_losses,0.0,,{}
1779381431037,execution,broker_win_rate,0.0,,{}
1779381431037,execution,broker_avg_hold_s,0.0,,{}
1779381431037,execution,broker_current_losing_streak,0.0,,{}
1779381431037,execution,broker_worst_losing_streak,0.0,,{}
1779381431037,execution,broker_open_orders,0.0,,{}
1779381431037,execution,broker_broker_mode,,live_alpaca,{}
1779381431037,safety,safe_mode,0.0,,{}
1779381431037,safety,kill_switch,0.0,,{}
1779381431037,safety,runtime_health_status,,OK,{}
1779381431037,safety,api_errors,0.0,,{}
1779381431037,safety,order_rejections,0.0,,{}
1779381431037,safety,stale_data_violations,0.0,,{}
1779381431037,safety,health_messages,,,"{""value_json"": ""[]""}"
1779381431037,system,rss_memory_mb,97.695,,{}
1779381431037,system,thread_count,2.0,,{}
1779381431037,system,sqlite_size_mb,1885.118,,{}
1779381446067,runtime,uptime_seconds,916.543,,{}
1779381446067,runtime,runtime_profile,,dry_run,{}
1779381446067,runtime,process_start_ts,1779380529.0,,{}
1779381446067,runtime,process_start_ts_ms,1779380529524.0,,{}
1779381446067,runtime,pid,42498.0,,{}
1779381446067,runtime,heartbeat_age_seconds,5.007,,{}
1779381446067,market_data,ws_connected,0.0,,{}
1779381446067,market_data,ws_disconnect_count,0.0,,{}
1779381446067,market_data,poll_ok,2180.0,,{}
1779381446067,market_data,poll_err,0.0,,{}
1779381446067,market_data,poll_backoff_s,0.0,,{}
1779381446067,market_data,active_symbols,3.0,,{}
1779381446067,market_data,ready_symbols,3.0,,{}
1779381446067,market_data,ready_symbol_list,,,"{""value_json"": ""[\""BNBUSDT\"", \""BTCUSDT\"", \""ETHUSDT\""]""}"
1779381446067,market_data,stale_symbols,,,"{""value_json"": ""[]""}"
1779381446067,market_data,stale_global,0.0,,{}
1779381446067,ml,feature_updates,2134.0,,{}
1779381446067,ml,prediction_count,0.0,,{}
1779381446067,ml,candidate_count,2.0,,{}
1779381446067,ml,ranking_count,1.0,,{}
1779381446067,ml,signal_count,0.0,,{}
1779381446067,ml,inference_failures,0.0,,{}
1779381446067,ml,fallback_predictions,0.0,,{}
1779381446067,ml,last_refresh_ts_ms,,,{}
1779381446067,ml,last_ranking_ts_ms,1779381412000.0,,{}
1779381446067,ml,top_symbols,,,"{""value_json"": ""[\""ETHUSDT\""]""}"
1779381446067,ml,shadow_prediction_count,23.0,,{}
1779381446067,ml,shadow_candidate_count,23.0,,{}
1779381446067,ml,shadow_signal_count,0.0,,{}
1779381446067,ml,shadow_would_trade_count,0.0,,{}
1779381446067,ml,shadow_blocked_execution_count,0.0,,{}
1779381446067,ml,parity_check_count,0.0,,{}
1779381446067,ml,parity_failure_count,0.0,,{}
1779381446067,execution,fills,0.0,,{}
1779381446067,execution,open_positions,0.0,,{}
1779381446067,execution,exposure,0.0,,{}
1779381446067,execution,realized_pnl,0.0,,{}
1779381446067,execution,unrealized_pnl,0.0,,{}
1779381446067,execution,equity,100.0,,{}
1779381446067,execution,cash,100.0,,{}
1779381446067,execution,rejected_orders,0.0,,{}
1779381446067,execution,open_orders,0.0,,{}
1779381446067,execution,broker_realized_pnl,0.0,,{}
1779381446067,execution,broker_trades,0.0,,{}
1779381446067,execution,broker_wins,0.0,,{}
1779381446067,execution,broker_losses,0.0,,{}
1779381446067,execution,broker_win_rate,0.0,,{}
1779381446067,execution,broker_avg_hold_s,0.0,,{}
1779381446067,execution,broker_current_losing_streak,0.0,,{}
1779381446067,execution,broker_worst_losing_streak,0.0,,{}
1779381446067,execution,broker_open_orders,0.0,,{}
1779381446067,execution,broker_broker_mode,,live_alpaca,{}
1779381446067,safety,safe_mode,0.0,,{}
1779381446067,safety,kill_switch,0.0,,{}
1779381446067,safety,runtime_health_status,,OK,{}
1779381446067,safety,api_errors,0.0,,{}
1779381446067,safety,order_rejections,0.0,,{}
1779381446067,safety,stale_data_violations,0.0,,{}
1779381446067,safety,health_messages,,,"{""value_json"": ""[]""}"
1779381446067,system,rss_memory_mb,97.695,,{}
1779381446067,system,thread_count,2.0,,{}
1779381446067,system,sqlite_size_mb,1885.118,,{}
1779381461103,runtime,uptime_seconds,931.58,,{}
1779381461103,runtime,runtime_profile,,dry_run,{}
1779381461103,runtime,process_start_ts,1779380529.0,,{}
1779381461103,runtime,process_start_ts_ms,1779380529524.0,,{}
1779381461103,runtime,pid,42498.0,,{}
1779381461103,runtime,heartbeat_age_seconds,0.0,,{}
1779381461103,market_data,ws_connected,0.0,,{}
1779381461103,market_data,ws_disconnect_count,0.0,,{}
1779381461103,market_data,poll_ok,2217.0,,{}
1779381461103,market_data,poll_err,0.0,,{}
1779381461103,market_data,poll_backoff_s,0.0,,{}
1779381461103,market_data,active_symbols,3.0,,{}
1779381461103,market_data,ready_symbols,3.0,,{}
1779381461103,market_data,ready_symbol_list,,,"{""value_json"": ""[\""BNBUSDT\"", \""BTCUSDT\"", \""ETHUSDT\""]""}"
1779381461103,market_data,stale_symbols,,,"{""value_json"": ""[]""}"
1779381461103,market_data,stale_global,0.0,,{}
1779381461103,ml,feature_updates,2171.0,,{}
1779381461103,ml,prediction_count,0.0,,{}
1779381461103,ml,candidate_count,2.0,,{}
1779381461103,ml,ranking_count,1.0,,{}
1779381461103,ml,signal_count,0.0,,{}
1779381461103,ml,inference_failures,0.0,,{}
1779381461103,ml,fallback_predictions,0.0,,{}
1779381461103,ml,last_refresh_ts_ms,,,{}
1779381461103,ml,last_ranking_ts_ms,1779381412000.0,,{}
1779381461103,ml,top_symbols,,,"{""value_json"": ""[\""ETHUSDT\""]""}"
1779381461103,ml,shadow_prediction_count,23.0,,{}
1779381461103,ml,shadow_candidate_count,23.0,,{}
1779381461103,ml,shadow_signal_count,0.0,,{}
1779381461103,ml,shadow_would_trade_count,0.0,,{}
1779381461103,ml,shadow_blocked_execution_count,0.0,,{}
1779381461103,ml,parity_check_count,0.0,,{}
1779381461103,ml,parity_failure_count,0.0,,{}
1779381461103,execution,fills,0.0,,{}
1779381461103,execution,open_positions,0.0,,{}
1779381461103,execution,exposure,0.0,,{}
1779381461103,execution,realized_pnl,0.0,,{}
1779381461103,execution,unrealized_pnl,0.0,,{}
1779381461103,execution,equity,100.0,,{}
1779381461103,execution,cash,100.0,,{}
1779381461103,execution,rejected_orders,0.0,,{}
1779381461103,execution,open_orders,0.0,,{}
1779381461103,execution,broker_realized_pnl,0.0,,{}
1779381461103,execution,broker_trades,0.0,,{}
1779381461103,execution,broker_wins,0.0,,{}
1779381461103,execution,broker_losses,0.0,,{}
1779381461103,execution,broker_win_rate,0.0,,{}
1779381461103,execution,broker_avg_hold_s,0.0,,{}
1779381461103,execution,broker_current_losing_streak,0.0,,{}
1779381461103,execution,broker_worst_losing_streak,0.0,,{}
1779381461103,execution,broker_open_orders,0.0,,{}
1779381461103,execution,broker_broker_mode,,live_alpaca,{}
1779381461103,safety,safe_mode,0.0,,{}
1779381461103,safety,kill_switch,0.0,,{}
1779381461103,safety,runtime_health_status,,OK,{}
1779381461103,safety,api_errors,0.0,,{}
1779381461103,safety,order_rejections,0.0,,{}
1779381461103,safety,stale_data_violations,0.0,,{}
1779381461103,safety,health_messages,,,"{""value_json"": ""[]""}"
1779381461103,system,rss_memory_mb,97.695,,{}
1779381461103,system,thread_count,2.0,,{}
1779381461103,system,sqlite_size_mb,1885.224,,{}
1779381476131,runtime,uptime_seconds,946.607,,{}
1779381476131,runtime,runtime_profile,,dry_run,{}
1779381476131,runtime,process_start_ts,1779380529.0,,{}
1779381476131,runtime,process_start_ts_ms,1779380529524.0,,{}
1779381476131,runtime,pid,42498.0,,{}
1779381476131,runtime,heartbeat_age_seconds,5.01,,{}
1779381476131,market_data,ws_connected,0.0,,{}
1779381476131,market_data,ws_disconnect_count,0.0,,{}
1779381476131,market_data,poll_ok,2256.0,,{}
1779381476131,market_data,poll_err,0.0,,{}
1779381476131,market_data,poll_backoff_s,0.0,,{}
1779381476131,market_data,active_symbols,3.0,,{}
1779381476131,market_data,ready_symbols,3.0,,{}
1779381476131,market_data,ready_symbol_list,,,"{""value_json"": ""[\""BNBUSDT\"", \""BTCUSDT\"", \""ETHUSDT\""]""}"
1779381476131,market_data,stale_symbols,,,"{""value_json"": ""[]""}"
1779381476131,market_data,stale_global,0.0,,{}
1779381476131,ml,feature_updates,2210.0,,{}
1779381476131,ml,prediction_count,0.0,,{}
1779381476131,ml,candidate_count,2.0,,{}
1779381476131,ml,ranking_count,1.0,,{}
1779381476131,ml,signal_count,0.0,,{}
1779381476131,ml,inference_failures,0.0,,{}
1779381476131,ml,fallback_predictions,0.0,,{}
1779381476131,ml,last_refresh_ts_ms,,,{}
1779381476131,ml,last_ranking_ts_ms,1779381472000.0,,{}
1779381476131,ml,top_symbols,,,"{""value_json"": ""[\""BTCUSDT\""]""}"
1779381476131,ml,shadow_prediction_count,25.0,,{}
1779381476131,ml,shadow_candidate_count,25.0,,{}
1779381476131,ml,shadow_signal_count,0.0,,{}
1779381476131,ml,shadow_would_trade_count,0.0,,{}
1779381476131,ml,shadow_blocked_execution_count,0.0,,{}
1779381476131,ml,parity_check_count,0.0,,{}
1779381476131,ml,parity_failure_count,0.0,,{}
1779381476131,execution,fills,0.0,,{}
1779381476131,execution,open_positions,0.0,,{}
1779381476131,execution,exposure,0.0,,{}
1779381476131,execution,realized_pnl,0.0,,{}
1779381476131,execution,unrealized_pnl,0.0,,{}
1779381476131,execution,equity,100.0,,{}
1779381476131,execution,cash,100.0,,{}
1779381476131,execution,rejected_orders,0.0,,{}
1779381476131,execution,open_orders,0.0,,{}
1779381476131,execution,broker_realized_pnl,0.0,,{}
1779381476131,execution,broker_trades,0.0,,{}
1779381476131,execution,broker_wins,0.0,,{}
1779381476131,execution,broker_losses,0.0,,{}
1779381476131,execution,broker_win_rate,0.0,,{}
1779381476131,execution,broker_avg_hold_s,0.0,,{}
1779381476131,execution,broker_current_losing_streak,0.0,,{}
1779381476131,execution,broker_worst_losing_streak,0.0,,{}
1779381476131,execution,broker_open_orders,0.0,,{}
1779381476131,execution,broker_broker_mode,,live_alpaca,{}
1779381476131,safety,safe_mode,0.0,,{}
1779381476131,safety,kill_switch,0.0,,{}
1779381476131,safety,runtime_health_status,,OK,{}
1779381476131,safety,api_errors,0.0,,{}
1779381476131,safety,order_rejections,0.0,,{}
1779381476131,safety,stale_data_violations,0.0,,{}
1779381476131,safety,health_messages,,,"{""value_json"": ""[]""}"
1779381476131,system,rss_memory_mb,97.695,,{}
1779381476131,system,thread_count,2.0,,{}
1779381476131,system,sqlite_size_mb,1885.224,,{}
1779381491154,runtime,uptime_seconds,961.631,,{}
1779381491154,runtime,runtime_profile,,dry_run,{}
1779381491154,runtime,process_start_ts,1779380529.0,,{}
1779381491154,runtime,process_start_ts_ms,1779380529524.0,,{}
1779381491154,runtime,pid,42498.0,,{}
1779381491154,runtime,heartbeat_age_seconds,0.0,,{}
1779381491154,market_data,ws_connected,0.0,,{}
1779381491154,market_data,ws_disconnect_count,0.0,,{}
1779381491154,market_data,poll_ok,2298.0,,{}
1779381491154,market_data,poll_err,0.0,,{}
1779381491154,market_data,poll_backoff_s,0.0,,{}
1779381491154,market_data,active_symbols,3.0,,{}
1779381491154,market_data,ready_symbols,3.0,,{}
1779381491154,market_data,ready_symbol_list,,,"{""value_json"": ""[\""BNBUSDT\"", \""BTCUSDT\"", \""ETHUSDT\""]""}"
1779381491154,market_data,stale_symbols,,,"{""value_json"": ""[]""}"
1779381491154,market_data,stale_global,0.0,,{}
1779381491154,ml,feature_updates,2251.0,,{}
1779381491154,ml,prediction_count,0.0,,{}
1779381491154,ml,candidate_count,2.0,,{}
1779381491154,ml,ranking_count,1.0,,{}
1779381491154,ml,signal_count,0.0,,{}
1779381491154,ml,inference_failures,0.0,,{}
1779381491154,ml,fallback_predictions,0.0,,{}
1779381491154,ml,last_refresh_ts_ms,,,{}
1779381491154,ml,last_ranking_ts_ms,1779381472000.0,,{}
1779381491154,ml,top_symbols,,,"{""value_json"": ""[\""BTCUSDT\""]""}"
1779381491154,ml,shadow_prediction_count,25.0,,{}
1779381491154,ml,shadow_candidate_count,25.0,,{}
1779381491154,ml,shadow_signal_count,0.0,,{}
1779381491154,ml,shadow_would_trade_count,0.0,,{}
1779381491154,ml,shadow_blocked_execution_count,0.0,,{}
1779381491154,ml,parity_check_count,0.0,,{}
1779381491154,ml,parity_failure_count,0.0,,{}
1779381491154,execution,fills,0.0,,{}
1779381491154,execution,open_positions,0.0,,{}
1779381491154,execution,exposure,0.0,,{}
1779381491154,execution,realized_pnl,0.0,,{}
1779381491154,execution,unrealized_pnl,0.0,,{}
1779381491154,execution,equity,100.0,,{}
1779381491154,execution,cash,100.0,,{}
1779381491154,execution,rejected_orders,0.0,,{}
1779381491154,execution,open_orders,0.0,,{}
1779381491154,execution,broker_realized_pnl,0.0,,{}
1779381491154,execution,broker_trades,0.0,,{}
1779381491154,execution,broker_wins,0.0,,{}
1779381491154,execution,broker_losses,0.0,,{}
1779381491154,execution,broker_win_rate,0.0,,{}
1779381491154,execution,broker_avg_hold_s,0.0,,{}
1779381491154,execution,broker_current_losing_streak,0.0,,{}
1779381491154,execution,broker_worst_losing_streak,0.0,,{}
1779381491154,execution,broker_open_orders,0.0,,{}
1779381491154,execution,broker_broker_mode,,live_alpaca,{}
1779381491154,safety,safe_mode,0.0,,{}
1779381491154,safety,kill_switch,0.0,,{}
1779381491154,safety,runtime_health_status,,OK,{}
1779381491154,safety,api_errors,0.0,,{}
1779381491154,safety,order_rejections,0.0,,{}
1779381491154,safety,stale_data_violations,0.0,,{}
1779381491154,safety,health_messages,,,"{""value_json"": ""[]""}"
1779381491154,system,rss_memory_mb,97.695,,{}
1779381491154,system,thread_count,2.0,,{}
1779381491154,system,sqlite_size_mb,1885.224,,{}
1779381506185,runtime,uptime_seconds,976.662,,{}
1779381506185,runtime,runtime_profile,,dry_run,{}
1779381506185,runtime,process_start_ts,1779380529.0,,{}
1779381506185,runtime,process_start_ts_ms,1779380529524.0,,{}
1779381506185,runtime,pid,42498.0,,{}
1779381506185,runtime,heartbeat_age_seconds,5.007,,{}
1779381506185,market_data,ws_connected,0.0,,{}
1779381506185,market_data,ws_disconnect_count,0.0,,{}
1779381506185,market_data,poll_ok,2346.0,,{}
1779381506185,market_data,poll_err,0.0,,{}
1779381506185,market_data,poll_backoff_s,0.0,,{}
1779381506185,market_data,active_symbols,3.0,,{}
1779381506185,market_data,ready_symbols,3.0,,{}
1779381506185,market_data,ready_symbol_list,,,"{""value_json"": ""[\""BNBUSDT\"", \""BTCUSDT\"", \""ETHUSDT\""]""}"
1779381506185,market_data,stale_symbols,,,"{""value_json"": ""[]""}"
1779381506185,market_data,stale_global,0.0,,{}
1779381506185,ml,feature_updates,2293.0,,{}
1779381506185,ml,prediction_count,0.0,,{}
1779381506185,ml,candidate_count,2.0,,{}
1779381506185,ml,ranking_count,1.0,,{}
1779381506185,ml,signal_count,0.0,,{}
1779381506185,ml,inference_failures,0.0,,{}
1779381506185,ml,fallback_predictions,0.0,,{}
1779381506185,ml,last_refresh_ts_ms,,,{}
1779381506185,ml,last_ranking_ts_ms,1779381472000.0,,{}
1779381506185,ml,top_symbols,,,"{""value_json"": ""[\""BTCUSDT\""]""}"
1779381506185,ml,shadow_prediction_count,25.0,,{}
1779381506185,ml,shadow_candidate_count,25.0,,{}
1779381506185,ml,shadow_signal_count,0.0,,{}
1779381506185,ml,shadow_would_trade_count,0.0,,{}
1779381506185,ml,shadow_blocked_execution_count,0.0,,{}
1779381506185,ml,parity_check_count,0.0,,{}
1779381506185,ml,parity_failure_count,0.0,,{}
1779381506185,execution,fills,0.0,,{}
1779381506185,execution,open_positions,0.0,,{}
1779381506185,execution,exposure,0.0,,{}
1779381506185,execution,realized_pnl,0.0,,{}
1779381506185,execution,unrealized_pnl,0.0,,{}
1779381506185,execution,equity,100.0,,{}
1779381506185,execution,cash,100.0,,{}
1779381506185,execution,rejected_orders,0.0,,{}
1779381506185,execution,open_orders,0.0,,{}
1779381506185,execution,broker_realized_pnl,0.0,,{}
1779381506185,execution,broker_trades,0.0,,{}
1779381506185,execution,broker_wins,0.0,,{}
1779381506185,execution,broker_losses,0.0,,{}
1779381506185,execution,broker_win_rate,0.0,,{}
1779381506185,execution,broker_avg_hold_s,0.0,,{}
1779381506185,execution,broker_current_losing_streak,0.0,,{}
1779381506185,execution,broker_worst_losing_streak,0.0,,{}
1779381506185,execution,broker_open_orders,0.0,,{}
1779381506185,execution,broker_broker_mode,,live_alpaca,{}
1779381506185,safety,safe_mode,0.0,,{}
1779381506185,safety,kill_switch,0.0,,{}
1779381506185,safety,runtime_health_status,,OK,{}
1779381506185,safety,api_errors,0.0,,{}
1779381506185,safety,order_rejections,0.0,,{}
1779381506185,safety,stale_data_violations,0.0,,{}
1779381506185,safety,health_messages,,,"{""value_json"": ""[]""}"
1779381506185,system,rss_memory_mb,97.695,,{}
1779381506185,system,thread_count,2.0,,{}
1779381506185,system,sqlite_size_mb,1885.224,,{}
1779381521215,runtime,uptime_seconds,991.692,,{}
1779381521215,runtime,runtime_profile,,dry_run,{}
1779381521215,runtime,process_start_ts,1779380529.0,,{}
1779381521215,runtime,process_start_ts_ms,1779380529524.0,,{}
1779381521215,runtime,pid,42498.0,,{}
1779381521215,runtime,heartbeat_age_seconds,0.0,,{}
1779381521215,market_data,ws_connected,0.0,,{}
1779381521215,market_data,ws_disconnect_count,0.0,,{}
1779381521215,market_data,poll_ok,2389.0,,{}
1779381521215,market_data,poll_err,0.0,,{}
1779381521215,market_data,poll_backoff_s,0.0,,{}
1779381521215,market_data,active_symbols,3.0,,{}
1779381521215,market_data,ready_symbols,3.0,,{}
1779381521215,market_data,ready_symbol_list,,,"{""value_json"": ""[\""BNBUSDT\"", \""BTCUSDT\"", \""ETHUSDT\""]""}"
1779381521215,market_data,stale_symbols,,,"{""value_json"": ""[]""}"
1779381521215,market_data,stale_global,0.0,,{}
1779381521215,ml,feature_updates,2335.0,,{}
1779381521215,ml,prediction_count,0.0,,{}
1779381521215,ml,candidate_count,2.0,,{}
1779381521215,ml,ranking_count,1.0,,{}
1779381521215,ml,signal_count,0.0,,{}
1779381521215,ml,inference_failures,0.0,,{}
1779381521215,ml,fallback_predictions,0.0,,{}
1779381521215,ml,last_refresh_ts_ms,,,{}
1779381521215,ml,last_ranking_ts_ms,1779381472000.0,,{}
1779381521215,ml,top_symbols,,,"{""value_json"": ""[\""BTCUSDT\""]""}"
1779381521215,ml,shadow_prediction_count,25.0,,{}
1779381521215,ml,shadow_candidate_count,25.0,,{}
1779381521215,ml,shadow_signal_count,0.0,,{}
1779381521215,ml,shadow_would_trade_count,0.0,,{}
1779381521215,ml,shadow_blocked_execution_count,0.0,,{}
1779381521215,ml,parity_check_count,0.0,,{}
1779381521215,ml,parity_failure_count,0.0,,{}
1779381521215,execution,fills,0.0,,{}
1779381521215,execution,open_positions,0.0,,{}
1779381521215,execution,exposure,0.0,,{}
1779381521215,execution,realized_pnl,0.0,,{}
1779381521215,execution,unrealized_pnl,0.0,,{}
1779381521215,execution,equity,100.0,,{}
1779381521215,execution,cash,100.0,,{}
1779381521215,execution,rejected_orders,0.0,,{}
1779381521215,execution,open_orders,0.0,,{}
1779381521215,execution,broker_realized_pnl,0.0,,{}
1779381521215,execution,broker_trades,0.0,,{}
1779381521215,execution,broker_wins,0.0,,{}
1779381521215,execution,broker_losses,0.0,,{}
1779381521215,execution,broker_win_rate,0.0,,{}
1779381521215,execution,broker_avg_hold_s,0.0,,{}
1779381521215,execution,broker_current_losing_streak,0.0,,{}
1779381521215,execution,broker_worst_losing_streak,0.0,,{}
1779381521215,execution,broker_open_orders,0.0,,{}
1779381521215,execution,broker_broker_mode,,live_alpaca,{}
1779381521215,safety,safe_mode,0.0,,{}
1779381521215,safety,kill_switch,0.0,,{}
1779381521215,safety,runtime_health_status,,OK,{}
1779381521215,safety,api_errors,0.0,,{}
1779381521215,safety,order_rejections,0.0,,{}
1779381521215,safety,stale_data_violations,0.0,,{}
1779381521215,safety,health_messages,,,"{""value_json"": ""[]""}"
1779381521215,system,rss_memory_mb,97.695,,{}
1779381521215,system,thread_count,2.0,,{}
1779381521215,system,sqlite_size_mb,1885.271,,{}
1779381536238,runtime,uptime_seconds,1006.715,,{}
1779381536238,runtime,runtime_profile,,dry_run,{}
1779381536238,runtime,process_start_ts,1779380529.0,,{}
1779381536238,runtime,process_start_ts_ms,1779380529524.0,,{}
1779381536238,runtime,pid,42498.0,,{}
1779381536238,runtime,heartbeat_age_seconds,5.008,,{}
1779381536238,market_data,ws_connected,0.0,,{}
1779381536238,market_data,ws_disconnect_count,0.0,,{}
1779381536238,market_data,poll_ok,2433.0,,{}
1779381536238,market_data,poll_err,0.0,,{}
1779381536238,market_data,poll_backoff_s,0.0,,{}
1779381536238,market_data,active_symbols,3.0,,{}
1779381536238,market_data,ready_symbols,3.0,,{}
1779381536238,market_data,ready_symbol_list,,,"{""value_json"": ""[\""BNBUSDT\"", \""BTCUSDT\"", \""ETHUSDT\""]""}"
1779381536238,market_data,stale_symbols,,,"{""value_json"": ""[]""}"
1779381536238,market_data,stale_global,0.0,,{}
1779381536238,ml,feature_updates,2376.0,,{}
1779381536238,ml,prediction_count,0.0,,{}
1779381536238,ml,candidate_count,2.0,,{}
1779381536238,ml,ranking_count,1.0,,{}
1779381536238,ml,signal_count,0.0,,{}
1779381536238,ml,inference_failures,0.0,,{}
1779381536238,ml,fallback_predictions,0.0,,{}
1779381536238,ml,last_refresh_ts_ms,,,{}
1779381536238,ml,last_ranking_ts_ms,1779381532000.0,,{}
1779381536238,ml,top_symbols,,,"{""value_json"": ""[\""ETHUSDT\""]""}"
1779381536238,ml,shadow_prediction_count,27.0,,{}
1779381536238,ml,shadow_candidate_count,27.0,,{}
1779381536238,ml,shadow_signal_count,0.0,,{}
1779381536238,ml,shadow_would_trade_count,0.0,,{}
1779381536238,ml,shadow_blocked_execution_count,0.0,,{}
1779381536238,ml,parity_check_count,0.0,,{}
1779381536238,ml,parity_failure_count,0.0,,{}
1779381536238,execution,fills,0.0,,{}
1779381536238,execution,open_positions,0.0,,{}
1779381536238,execution,exposure,0.0,,{}
1779381536238,execution,realized_pnl,0.0,,{}
1779381536238,execution,unrealized_pnl,0.0,,{}
1779381536238,execution,equity,100.0,,{}
1779381536238,execution,cash,100.0,,{}
1779381536238,execution,rejected_orders,0.0,,{}
1779381536238,execution,open_orders,0.0,,{}
1779381536238,execution,broker_realized_pnl,0.0,,{}
1779381536238,execution,broker_trades,0.0,,{}
1779381536238,execution,broker_wins,0.0,,{}
1779381536238,execution,broker_losses,0.0,,{}
1779381536238,execution,broker_win_rate,0.0,,{}
1779381536238,execution,broker_avg_hold_s,0.0,,{}
1779381536238,execution,broker_current_losing_streak,0.0,,{}
1779381536238,execution,broker_worst_losing_streak,0.0,,{}
1779381536238,execution,broker_open_orders,0.0,,{}
1779381536238,execution,broker_broker_mode,,live_alpaca,{}
1779381536238,safety,safe_mode,0.0,,{}
1779381536238,safety,kill_switch,0.0,,{}
1779381536238,safety,runtime_health_status,,OK,{}
1779381536238,safety,api_errors,0.0,,{}
1779381536238,safety,order_rejections,0.0,,{}
1779381536238,safety,stale_data_violations,0.0,,{}
1779381536238,safety,health_messages,,,"{""value_json"": ""[]""}"
1779381536238,system,rss_memory_mb,97.695,,{}
1779381536238,system,thread_count,2.0,,{}
1779381536238,system,sqlite_size_mb,1885.271,,{}
1779381551264,runtime,uptime_seconds,1021.74,,{}
1779381551264,runtime,runtime_profile,,dry_run,{}
1779381551264,runtime,process_start_ts,1779380529.0,,{}
1779381551264,runtime,process_start_ts_ms,1779380529524.0,,{}
1779381551264,runtime,pid,42498.0,,{}
1779381551264,runtime,heartbeat_age_seconds,0.001,,{}
1779381551264,market_data,ws_connected,0.0,,{}
1779381551264,market_data,ws_disconnect_count,0.0,,{}
1779381551264,market_data,poll_ok,2478.0,,{}
1779381551264,market_data,poll_err,0.0,,{}
1779381551264,market_data,poll_backoff_s,0.0,,{}
1779381551264,market_data,active_symbols,3.0,,{}
1779381551264,market_data,ready_symbols,3.0,,{}
1779381551264,market_data,ready_symbol_list,,,"{""value_json"": ""[\""BNBUSDT\"", \""BTCUSDT\"", \""ETHUSDT\""]""}"
1779381551264,market_data,stale_symbols,,,"{""value_json"": ""[]""}"
1779381551264,market_data,stale_global,0.0,,{}
1779381551264,ml,feature_updates,2421.0,,{}
1779381551264,ml,prediction_count,0.0,,{}
1779381551264,ml,candidate_count,2.0,,{}
1779381551264,ml,ranking_count,1.0,,{}
1779381551264,ml,signal_count,0.0,,{}
1779381551264,ml,inference_failures,0.0,,{}
1779381551264,ml,fallback_predictions,0.0,,{}
1779381551264,ml,last_refresh_ts_ms,,,{}
1779381551264,ml,last_ranking_ts_ms,1779381532000.0,,{}
1779381551264,ml,top_symbols,,,"{""value_json"": ""[\""ETHUSDT\""]""}"
1779381551264,ml,shadow_prediction_count,27.0,,{}
1779381551264,ml,shadow_candidate_count,27.0,,{}
1779381551264,ml,shadow_signal_count,0.0,,{}
1779381551264,ml,shadow_would_trade_count,0.0,,{}
1779381551264,ml,shadow_blocked_execution_count,0.0,,{}
1779381551264,ml,parity_check_count,0.0,,{}
1779381551264,ml,parity_failure_count,0.0,,{}
1779381551264,execution,fills,0.0,,{}
1779381551264,execution,open_positions,0.0,,{}
1779381551264,execution,exposure,0.0,,{}
1779381551264,execution,realized_pnl,0.0,,{}
1779381551264,execution,unrealized_pnl,0.0,,{}
1779381551264,execution,equity,100.0,,{}
1779381551264,execution,cash,100.0,,{}
1779381551264,execution,rejected_orders,0.0,,{}
1779381551264,execution,open_orders,0.0,,{}
1779381551264,execution,broker_realized_pnl,0.0,,{}
1779381551264,execution,broker_trades,0.0,,{}
1779381551264,execution,broker_wins,0.0,,{}
1779381551264,execution,broker_losses,0.0,,{}
1779381551264,execution,broker_win_rate,0.0,,{}
1779381551264,execution,broker_avg_hold_s,0.0,,{}
1779381551264,execution,broker_current_losing_streak,0.0,,{}
1779381551264,execution,broker_worst_losing_streak,0.0,,{}
1779381551264,execution,broker_open_orders,0.0,,{}
1779381551264,execution,broker_broker_mode,,live_alpaca,{}
1779381551264,safety,safe_mode,0.0,,{}
1779381551264,safety,kill_switch,0.0,,{}
1779381551264,safety,runtime_health_status,,OK,{}
1779381551264,safety,api_errors,0.0,,{}
1779381551264,safety,order_rejections,0.0,,{}
1779381551264,safety,stale_data_violations,0.0,,{}
1779381551264,safety,health_messages,,,"{""value_json"": ""[]""}"
1779381551264,system,rss_memory_mb,97.695,,{}
1779381551264,system,thread_count,2.0,,{}
1779381551264,system,sqlite_size_mb,1885.271,,{}
1779381566275,runtime,uptime_seconds,1036.752,,{}
1779381566275,runtime,runtime_profile,,dry_run,{}
1779381566275,runtime,process_start_ts,1779380529.0,,{}
1779381566275,runtime,process_start_ts_ms,1779380529524.0,,{}
1779381566275,runtime,pid,42498.0,,{}
1779381566275,runtime,heartbeat_age_seconds,5.004,,{}
1779381566275,market_data,ws_connected,0.0,,{}
1779381566275,market_data,ws_disconnect_count,0.0,,{}
1779381566275,market_data,poll_ok,2519.0,,{}
1779381566275,market_data,poll_err,0.0,,{}
1779381566275,market_data,poll_backoff_s,0.0,,{}
1779381566275,market_data,active_symbols,3.0,,{}
1779381566275,market_data,ready_symbols,3.0,,{}
1779381566275,market_data,ready_symbol_list,,,"{""value_json"": ""[\""BNBUSDT\"", \""BTCUSDT\"", \""ETHUSDT\""]""}"
1779381566275,market_data,stale_symbols,,,"{""value_json"": ""[]""}"
1779381566275,market_data,stale_global,0.0,,{}
1779381566275,ml,feature_updates,2462.0,,{}
1779381566275,ml,prediction_count,0.0,,{}
1779381566275,ml,candidate_count,2.0,,{}
1779381566275,ml,ranking_count,1.0,,{}
1779381566275,ml,signal_count,0.0,,{}
1779381566275,ml,inference_failures,0.0,,{}
1779381566275,ml,fallback_predictions,0.0,,{}
1779381566275,ml,last_refresh_ts_ms,,,{}
1779381566275,ml,last_ranking_ts_ms,1779381532000.0,,{}
1779381566275,ml,top_symbols,,,"{""value_json"": ""[\""ETHUSDT\""]""}"
1779381566275,ml,shadow_prediction_count,27.0,,{}
1779381566275,ml,shadow_candidate_count,27.0,,{}
1779381566275,ml,shadow_signal_count,0.0,,{}
1779381566275,ml,shadow_would_trade_count,0.0,,{}
1779381566275,ml,shadow_blocked_execution_count,0.0,,{}
1779381566275,ml,parity_check_count,0.0,,{}
1779381566275,ml,parity_failure_count,0.0,,{}
1779381566275,execution,fills,0.0,,{}
1779381566275,execution,open_positions,0.0,,{}
1779381566275,execution,exposure,0.0,,{}
1779381566275,execution,realized_pnl,0.0,,{}
1779381566275,execution,unrealized_pnl,0.0,,{}
1779381566275,execution,equity,100.0,,{}
1779381566275,execution,cash,100.0,,{}
1779381566275,execution,rejected_orders,0.0,,{}
1779381566275,execution,open_orders,0.0,,{}
1779381566275,execution,broker_realized_pnl,0.0,,{}
1779381566275,execution,broker_trades,0.0,,{}
1779381566275,execution,broker_wins,0.0,,{}
1779381566275,execution,broker_losses,0.0,,{}
1779381566275,execution,broker_win_rate,0.0,,{}
1779381566275,execution,broker_avg_hold_s,0.0,,{}
1779381566275,execution,broker_current_losing_streak,0.0,,{}
1779381566275,execution,broker_worst_losing_streak,0.0,,{}
1779381566275,execution,broker_open_orders,0.0,,{}
1779381566275,execution,broker_broker_mode,,live_alpaca,{}
1779381566275,safety,safe_mode,0.0,,{}
1779381566275,safety,kill_switch,0.0,,{}
1779381566275,safety,runtime_health_status,,OK,{}
1779381566275,safety,api_errors,0.0,,{}
1779381566275,safety,order_rejections,0.0,,{}
1779381566275,safety,stale_data_violations,0.0,,{}
1779381566275,safety,health_messages,,,"{""value_json"": ""[]""}"
1779381566275,system,rss_memory_mb,97.695,,{}
1779381566275,system,thread_count,2.0,,{}
1779381566275,system,sqlite_size_mb,1885.271,,{}
1779381581307,runtime,uptime_seconds,1051.784,,{}
1779381581307,runtime,runtime_profile,,dry_run,{}
1779381581307,runtime,process_start_ts,1779380529.0,,{}
1779381581307,runtime,process_start_ts_ms,1779380529524.0,,{}
1779381581307,runtime,pid,42498.0,,{}
1779381581307,runtime,heartbeat_age_seconds,0.0,,{}
1779381581307,market_data,ws_connected,0.0,,{}
1779381581307,market_data,ws_disconnect_count,0.0,,{}
1779381581307,market_data,poll_ok,2559.0,,{}
1779381581307,market_data,poll_err,0.0,,{}
1779381581307,market_data,poll_backoff_s,0.0,,{}
1779381581307,market_data,active_symbols,3.0,,{}
1779381581307,market_data,ready_symbols,3.0,,{}
1779381581307,market_data,ready_symbol_list,,,"{""value_json"": ""[\""BNBUSDT\"", \""BTCUSDT\"", \""ETHUSDT\""]""}"
1779381581307,market_data,stale_symbols,,,"{""value_json"": ""[]""}"
1779381581307,market_data,stale_global,0.0,,{}
1779381581307,ml,feature_updates,2500.0,,{}
1779381581307,ml,prediction_count,0.0,,{}
1779381581307,ml,candidate_count,2.0,,{}
1779381581307,ml,ranking_count,1.0,,{}
1779381581307,ml,signal_count,0.0,,{}
1779381581307,ml,inference_failures,0.0,,{}
1779381581307,ml,fallback_predictions,0.0,,{}
1779381581307,ml,last_refresh_ts_ms,,,{}
1779381581307,ml,last_ranking_ts_ms,1779381532000.0,,{}
1779381581307,ml,top_symbols,,,"{""value_json"": ""[\""ETHUSDT\""]""}"
1779381581307,ml,shadow_prediction_count,27.0,,{}
1779381581307,ml,shadow_candidate_count,27.0,,{}
1779381581307,ml,shadow_signal_count,0.0,,{}
1779381581307,ml,shadow_would_trade_count,0.0,,{}
1779381581307,ml,shadow_blocked_execution_count,0.0,,{}
1779381581307,ml,parity_check_count,0.0,,{}
1779381581307,ml,parity_failure_count,0.0,,{}
1779381581307,execution,fills,0.0,,{}
1779381581307,execution,open_positions,0.0,,{}
1779381581307,execution,exposure,0.0,,{}
1779381581307,execution,realized_pnl,0.0,,{}
1779381581307,execution,unrealized_pnl,0.0,,{}
1779381581307,execution,equity,100.0,,{}
1779381581307,execution,cash,100.0,,{}
1779381581307,execution,rejected_orders,0.0,,{}
1779381581307,execution,open_orders,0.0,,{}
1779381581307,execution,broker_realized_pnl,0.0,,{}
1779381581307,execution,broker_trades,0.0,,{}
1779381581307,execution,broker_wins,0.0,,{}
1779381581307,execution,broker_losses,0.0,,{}
1779381581307,execution,broker_win_rate,0.0,,{}
1779381581307,execution,broker_avg_hold_s,0.0,,{}
1779381581307,execution,broker_current_losing_streak,0.0,,{}
1779381581307,execution,broker_worst_losing_streak,0.0,,{}
1779381581307,execution,broker_open_orders,0.0,,{}
1779381581307,execution,broker_broker_mode,,live_alpaca,{}
1779381581307,safety,safe_mode,0.0,,{}
1779381581307,safety,kill_switch,0.0,,{}
1779381581307,safety,runtime_health_status,,OK,{}
1779381581307,safety,api_errors,0.0,,{}
1779381581307,safety,order_rejections,0.0,,{}
1779381581307,safety,stale_data_violations,0.0,,{}
1779381581307,safety,health_messages,,,"{""value_json"": ""[]""}"
1779381581307,system,rss_memory_mb,97.695,,{}
1779381581307,system,thread_count,2.0,,{}
1779381581307,system,sqlite_size_mb,1885.318,,{}
1779381596325,runtime,uptime_seconds,1066.802,,{}
1779381596325,runtime,runtime_profile,,dry_run,{}
1779381596325,runtime,process_start_ts,1779380529.0,,{}
1779381596325,runtime,process_start_ts_ms,1779380529524.0,,{}
1779381596325,runtime,pid,42498.0,,{}
1779381596325,runtime,heartbeat_age_seconds,5.005,,{}
1779381596325,market_data,ws_connected,0.0,,{}
1779381596325,market_data,ws_disconnect_count,0.0,,{}
1779381596325,market_data,poll_ok,2600.0,,{}
1779381596325,market_data,poll_err,0.0,,{}
1779381596325,market_data,poll_backoff_s,0.0,,{}
1779381596325,market_data,active_symbols,3.0,,{}
1779381596325,market_data,ready_symbols,3.0,,{}
1779381596325,market_data,ready_symbol_list,,,"{""value_json"": ""[\""BNBUSDT\"", \""BTCUSDT\"", \""ETHUSDT\""]""}"
1779381596325,market_data,stale_symbols,,,"{""value_json"": ""[]""}"
1779381596325,market_data,stale_global,0.0,,{}
1779381596325,ml,feature_updates,2541.0,,{}
1779381596325,ml,prediction_count,0.0,,{}
1779381596325,ml,candidate_count,2.0,,{}
1779381596325,ml,ranking_count,1.0,,{}
1779381596325,ml,signal_count,0.0,,{}
1779381596325,ml,inference_failures,0.0,,{}
1779381596325,ml,fallback_predictions,0.0,,{}
1779381596325,ml,last_refresh_ts_ms,,,{}
1779381596325,ml,last_ranking_ts_ms,1779381592000.0,,{}
1779381596325,ml,top_symbols,,,"{""value_json"": ""[\""ETHUSDT\""]""}"
1779381596325,ml,shadow_prediction_count,29.0,,{}
1779381596325,ml,shadow_candidate_count,29.0,,{}
1779381596325,ml,shadow_signal_count,0.0,,{}
1779381596325,ml,shadow_would_trade_count,0.0,,{}
1779381596325,ml,shadow_blocked_execution_count,0.0,,{}
1779381596325,ml,parity_check_count,0.0,,{}
1779381596325,ml,parity_failure_count,0.0,,{}
1779381596325,execution,fills,0.0,,{}
1779381596325,execution,open_positions,0.0,,{}
1779381596325,execution,exposure,0.0,,{}
1779381596325,execution,realized_pnl,0.0,,{}
1779381596325,execution,unrealized_pnl,0.0,,{}
1779381596325,execution,equity,100.0,,{}
1779381596325,execution,cash,100.0,,{}
1779381596325,execution,rejected_orders,0.0,,{}
1779381596325,execution,open_orders,0.0,,{}
1779381596325,execution,broker_realized_pnl,0.0,,{}
1779381596325,execution,broker_trades,0.0,,{}
1779381596325,execution,broker_wins,0.0,,{}
1779381596325,execution,broker_losses,0.0,,{}
1779381596325,execution,broker_win_rate,0.0,,{}
1779381596325,execution,broker_avg_hold_s,0.0,,{}
1779381596325,execution,broker_current_losing_streak,0.0,,{}
1779381596325,execution,broker_worst_losing_streak,0.0,,{}
1779381596325,execution,broker_open_orders,0.0,,{}
1779381596325,execution,broker_broker_mode,,live_alpaca,{}
1779381596325,safety,safe_mode,0.0,,{}
1779381596325,safety,kill_switch,0.0,,{}
1779381596325,safety,runtime_health_status,,OK,{}
1779381596325,safety,api_errors,0.0,,{}
1779381596325,safety,order_rejections,0.0,,{}
1779381596325,safety,stale_data_violations,0.0,,{}
1779381596325,safety,health_messages,,,"{""value_json"": ""[]""}"
1779381596325,system,rss_memory_mb,97.695,,{}
1779381596325,system,thread_count,2.0,,{}
1779381596325,system,sqlite_size_mb,1885.318,,{}
1779381611341,runtime,uptime_seconds,1081.818,,{}
1779381611341,runtime,runtime_profile,,dry_run,{}
1779381611341,runtime,process_start_ts,1779380529.0,,{}
1779381611341,runtime,process_start_ts_ms,1779380529524.0,,{}
1779381611341,runtime,pid,42498.0,,{}
1779381611341,runtime,heartbeat_age_seconds,0.0,,{}
1779381611341,market_data,ws_connected,0.0,,{}
1779381611341,market_data,ws_disconnect_count,0.0,,{}
1779381611341,market_data,poll_ok,2637.0,,{}
1779381611341,market_data,poll_err,0.0,,{}
1779381611341,market_data,poll_backoff_s,0.0,,{}
1779381611341,market_data,active_symbols,3.0,,{}
1779381611341,market_data,ready_symbols,3.0,,{}
1779381611341,market_data,ready_symbol_list,,,"{""value_json"": ""[\""BNBUSDT\"", \""BTCUSDT\"", \""ETHUSDT\""]""}"
1779381611341,market_data,stale_symbols,,,"{""value_json"": ""[]""}"
1779381611341,market_data,stale_global,0.0,,{}
1779381611341,ml,feature_updates,2578.0,,{}
1779381611341,ml,prediction_count,0.0,,{}
1779381611341,ml,candidate_count,2.0,,{}
1779381611341,ml,ranking_count,1.0,,{}
1779381611341,ml,signal_count,0.0,,{}
1779381611341,ml,inference_failures,0.0,,{}
1779381611341,ml,fallback_predictions,0.0,,{}
1779381611341,ml,last_refresh_ts_ms,,,{}
1779381611341,ml,last_ranking_ts_ms,1779381592000.0,,{}
1779381611341,ml,top_symbols,,,"{""value_json"": ""[\""ETHUSDT\""]""}"
1779381611341,ml,shadow_prediction_count,29.0,,{}
1779381611341,ml,shadow_candidate_count,29.0,,{}
1779381611341,ml,shadow_signal_count,0.0,,{}
1779381611341,ml,shadow_would_trade_count,0.0,,{}
1779381611341,ml,shadow_blocked_execution_count,0.0,,{}
1779381611341,ml,parity_check_count,0.0,,{}
1779381611341,ml,parity_failure_count,0.0,,{}
1779381611341,execution,fills,0.0,,{}
1779381611341,execution,open_positions,0.0,,{}
1779381611341,execution,exposure,0.0,,{}
1779381611341,execution,realized_pnl,0.0,,{}
1779381611341,execution,unrealized_pnl,0.0,,{}
1779381611341,execution,equity,100.0,,{}
1779381611341,execution,cash,100.0,,{}
1779381611341,execution,rejected_orders,0.0,,{}
1779381611341,execution,open_orders,0.0,,{}
1779381611341,execution,broker_realized_pnl,0.0,,{}
1779381611341,execution,broker_trades,0.0,,{}
1779381611341,execution,broker_wins,0.0,,{}
1779381611341,execution,broker_losses,0.0,,{}
1779381611341,execution,broker_win_rate,0.0,,{}
1779381611341,execution,broker_avg_hold_s,0.0,,{}
1779381611341,execution,broker_current_losing_streak,0.0,,{}
1779381611341,execution,broker_worst_losing_streak,0.0,,{}
1779381611341,execution,broker_open_orders,0.0,,{}
1779381611341,execution,broker_broker_mode,,live_alpaca,{}
1779381611341,safety,safe_mode,0.0,,{}
1779381611341,safety,kill_switch,0.0,,{}
1779381611341,safety,runtime_health_status,,OK,{}
1779381611341,safety,api_errors,0.0,,{}
1779381611341,safety,order_rejections,0.0,,{}
1779381611341,safety,stale_data_violations,0.0,,{}
1779381611341,safety,health_messages,,,"{""value_json"": ""[]""}"
1779381611341,system,rss_memory_mb,97.695,,{}
1779381611341,system,thread_count,2.0,,{}
1779381611341,system,sqlite_size_mb,1885.318,,{}
1779381626367,runtime,uptime_seconds,1096.843,,{}
1779381626367,runtime,runtime_profile,,dry_run,{}
1779381626367,runtime,process_start_ts,1779380529.0,,{}
1779381626367,runtime,process_start_ts_ms,1779380529524.0,,{}
1779381626367,runtime,pid,42498.0,,{}
1779381626367,runtime,heartbeat_age_seconds,5.004,,{}
1779381626367,market_data,ws_connected,0.0,,{}
1779381626367,market_data,ws_disconnect_count,0.0,,{}
1779381626367,market_data,poll_ok,2679.0,,{}
1779381626367,market_data,poll_err,0.0,,{}
1779381626367,market_data,poll_backoff_s,0.0,,{}
1779381626367,market_data,active_symbols,3.0,,{}
1779381626367,market_data,ready_symbols,3.0,,{}
1779381626367,market_data,ready_symbol_list,,,"{""value_json"": ""[\""BNBUSDT\"", \""BTCUSDT\"", \""ETHUSDT\""]""}"
1779381626367,market_data,stale_symbols,,,"{""value_json"": ""[]""}"
1779381626367,market_data,stale_global,0.0,,{}
1779381626367,ml,feature_updates,2619.0,,{}
1779381626367,ml,prediction_count,0.0,,{}
1779381626367,ml,candidate_count,2.0,,{}
1779381626367,ml,ranking_count,1.0,,{}
1779381626367,ml,signal_count,0.0,,{}
1779381626367,ml,inference_failures,0.0,,{}
1779381626367,ml,fallback_predictions,0.0,,{}
1779381626367,ml,last_refresh_ts_ms,,,{}
1779381626367,ml,last_ranking_ts_ms,1779381592000.0,,{}
1779381626367,ml,top_symbols,,,"{""value_json"": ""[\""ETHUSDT\""]""}"
1779381626367,ml,shadow_prediction_count,29.0,,{}
1779381626367,ml,shadow_candidate_count,29.0,,{}
1779381626367,ml,shadow_signal_count,0.0,,{}
1779381626367,ml,shadow_would_trade_count,0.0,,{}
1779381626367,ml,shadow_blocked_execution_count,0.0,,{}
1779381626367,ml,parity_check_count,0.0,,{}
1779381626367,ml,parity_failure_count,0.0,,{}
1779381626367,execution,fills,0.0,,{}
1779381626367,execution,open_positions,0.0,,{}
1779381626367,execution,exposure,0.0,,{}
1779381626367,execution,realized_pnl,0.0,,{}
1779381626367,execution,unrealized_pnl,0.0,,{}
1779381626367,execution,equity,100.0,,{}
1779381626367,execution,cash,100.0,,{}
1779381626367,execution,rejected_orders,0.0,,{}
1779381626367,execution,open_orders,0.0,,{}
1779381626367,execution,broker_realized_pnl,0.0,,{}
1779381626367,execution,broker_trades,0.0,,{}
1779381626367,execution,broker_wins,0.0,,{}
1779381626367,execution,broker_losses,0.0,,{}
1779381626367,execution,broker_win_rate,0.0,,{}
1779381626367,execution,broker_avg_hold_s,0.0,,{}
1779381626367,execution,broker_current_losing_streak,0.0,,{}
1779381626367,execution,broker_worst_losing_streak,0.0,,{}
1779381626367,execution,broker_open_orders,0.0,,{}
1779381626367,execution,broker_broker_mode,,live_alpaca,{}
1779381626367,safety,safe_mode,0.0,,{}
1779381626367,safety,kill_switch,0.0,,{}
1779381626367,safety,runtime_health_status,,OK,{}
1779381626367,safety,api_errors,0.0,,{}
1779381626367,safety,order_rejections,0.0,,{}
1779381626367,safety,stale_data_violations,0.0,,{}
1779381626367,safety,health_messages,,,"{""value_json"": ""[]""}"
1779381626367,system,rss_memory_mb,97.695,,{}
1779381626367,system,thread_count,2.0,,{}
1779381626367,system,sqlite_size_mb,1885.318,,{}
1779381641385,runtime,uptime_seconds,1111.861,,{}
1779381641385,runtime,runtime_profile,,dry_run,{}
1779381641385,runtime,process_start_ts,1779380529.0,,{}
1779381641385,runtime,process_start_ts_ms,1779380529524.0,,{}
1779381641385,runtime,pid,42498.0,,{}
1779381641385,runtime,heartbeat_age_seconds,0.001,,{}
1779381641385,market_data,ws_connected,0.0,,{}
1779381641385,market_data,ws_disconnect_count,0.0,,{}
1779381641385,market_data,poll_ok,2721.0,,{}
1779381641385,market_data,poll_err,0.0,,{}
1779381641385,market_data,poll_backoff_s,0.0,,{}
1779381641385,market_data,active_symbols,3.0,,{}
1779381641385,market_data,ready_symbols,3.0,,{}
1779381641385,market_data,ready_symbol_list,,,"{""value_json"": ""[\""BNBUSDT\"", \""BTCUSDT\"", \""ETHUSDT\""]""}"
1779381641385,market_data,stale_symbols,,,"{""value_json"": ""[]""}"
1779381641385,market_data,stale_global,0.0,,{}
1779381641385,ml,feature_updates,2661.0,,{}
1779381641385,ml,prediction_count,0.0,,{}
1779381641385,ml,candidate_count,2.0,,{}
1779381641385,ml,ranking_count,1.0,,{}
1779381641385,ml,signal_count,0.0,,{}
1779381641385,ml,inference_failures,0.0,,{}
1779381641385,ml,fallback_predictions,0.0,,{}
1779381641385,ml,last_refresh_ts_ms,,,{}
1779381641385,ml,last_ranking_ts_ms,1779381592000.0,,{}
1779381641385,ml,top_symbols,,,"{""value_json"": ""[\""ETHUSDT\""]""}"
1779381641385,ml,shadow_prediction_count,29.0,,{}
1779381641385,ml,shadow_candidate_count,29.0,,{}
1779381641385,ml,shadow_signal_count,0.0,,{}
1779381641385,ml,shadow_would_trade_count,0.0,,{}
1779381641385,ml,shadow_blocked_execution_count,0.0,,{}
1779381641385,ml,parity_check_count,0.0,,{}
1779381641385,ml,parity_failure_count,0.0,,{}
1779381641385,execution,fills,0.0,,{}
1779381641385,execution,open_positions,0.0,,{}
1779381641385,execution,exposure,0.0,,{}
1779381641385,execution,realized_pnl,0.0,,{}
1779381641385,execution,unrealized_pnl,0.0,,{}
1779381641385,execution,equity,100.0,,{}
1779381641385,execution,cash,100.0,,{}
1779381641385,execution,rejected_orders,0.0,,{}
1779381641385,execution,open_orders,0.0,,{}
1779381641385,execution,broker_realized_pnl,0.0,,{}
1779381641385,execution,broker_trades,0.0,,{}
1779381641385,execution,broker_wins,0.0,,{}
1779381641385,execution,broker_losses,0.0,,{}
1779381641385,execution,broker_win_rate,0.0,,{}
1779381641385,execution,broker_avg_hold_s,0.0,,{}
1779381641385,execution,broker_current_losing_streak,0.0,,{}
1779381641385,execution,broker_worst_losing_streak,0.0,,{}
1779381641385,execution,broker_open_orders,0.0,,{}
1779381641385,execution,broker_broker_mode,,live_alpaca,{}
1779381641385,safety,safe_mode,0.0,,{}
1779381641385,safety,kill_switch,0.0,,{}
1779381641385,safety,runtime_health_status,,OK,{}
1779381641385,safety,api_errors,0.0,,{}
1779381641385,safety,order_rejections,0.0,,{}
1779381641385,safety,stale_data_violations,0.0,,{}
1779381641385,safety,health_messages,,,"{""value_json"": ""[]""}"
1779381641385,system,rss_memory_mb,97.695,,{}
1779381641385,system,thread_count,2.0,,{}
1779381641385,system,sqlite_size_mb,1885.357,,{}
1779381656402,runtime,uptime_seconds,1126.878,,{}
1779381656402,runtime,runtime_profile,,dry_run,{}
1779381656402,runtime,process_start_ts,1779380529.0,,{}
1779381656402,runtime,process_start_ts_ms,1779380529524.0,,{}
1779381656402,runtime,pid,42498.0,,{}
1779381656402,runtime,heartbeat_age_seconds,5.006,,{}
1779381656402,market_data,ws_connected,0.0,,{}
1779381656402,market_data,ws_disconnect_count,0.0,,{}
1779381656402,market_data,poll_ok,2760.0,,{}
1779381656402,market_data,poll_err,0.0,,{}
1779381656402,market_data,poll_backoff_s,0.0,,{}
1779381656402,market_data,active_symbols,3.0,,{}
1779381656402,market_data,ready_symbols,3.0,,{}
1779381656402,market_data,ready_symbol_list,,,"{""value_json"": ""[\""BNBUSDT\"", \""BTCUSDT\"", \""ETHUSDT\""]""}"
1779381656402,market_data,stale_symbols,,,"{""value_json"": ""[]""}"
1779381656402,market_data,stale_global,0.0,,{}
1779381656402,ml,feature_updates,2700.0,,{}
1779381656402,ml,prediction_count,0.0,,{}
1779381656402,ml,candidate_count,2.0,,{}
1779381656402,ml,ranking_count,1.0,,{}
1779381656402,ml,signal_count,0.0,,{}
1779381656402,ml,inference_failures,0.0,,{}
1779381656402,ml,fallback_predictions,0.0,,{}
1779381656402,ml,last_refresh_ts_ms,,,{}
1779381656402,ml,last_ranking_ts_ms,1779381652000.0,,{}
1779381656402,ml,top_symbols,,,"{""value_json"": ""[\""BTCUSDT\""]""}"
1779381656402,ml,shadow_prediction_count,31.0,,{}
1779381656402,ml,shadow_candidate_count,31.0,,{}
1779381656402,ml,shadow_signal_count,0.0,,{}
1779381656402,ml,shadow_would_trade_count,0.0,,{}
1779381656402,ml,shadow_blocked_execution_count,0.0,,{}
1779381656402,ml,parity_check_count,0.0,,{}
1779381656402,ml,parity_failure_count,0.0,,{}
1779381656402,execution,fills,0.0,,{}
1779381656402,execution,open_positions,0.0,,{}
1779381656402,execution,exposure,0.0,,{}
1779381656402,execution,realized_pnl,0.0,,{}
1779381656402,execution,unrealized_pnl,0.0,,{}
1779381656402,execution,equity,100.0,,{}
1779381656402,execution,cash,100.0,,{}
1779381656402,execution,rejected_orders,0.0,,{}
1779381656402,execution,open_orders,0.0,,{}
1779381656402,execution,broker_realized_pnl,0.0,,{}
1779381656402,execution,broker_trades,0.0,,{}
1779381656402,execution,broker_wins,0.0,,{}
1779381656402,execution,broker_losses,0.0,,{}
1779381656402,execution,broker_win_rate,0.0,,{}
1779381656402,execution,broker_avg_hold_s,0.0,,{}
1779381656402,execution,broker_current_losing_streak,0.0,,{}
1779381656402,execution,broker_worst_losing_streak,0.0,,{}
1779381656402,execution,broker_open_orders,0.0,,{}
1779381656402,execution,broker_broker_mode,,live_alpaca,{}
1779381656402,safety,safe_mode,0.0,,{}
1779381656402,safety,kill_switch,0.0,,{}
1779381656402,safety,runtime_health_status,,OK,{}
1779381656402,safety,api_errors,0.0,,{}
1779381656402,safety,order_rejections,0.0,,{}
1779381656402,safety,stale_data_violations,0.0,,{}
1779381656402,safety,health_messages,,,"{""value_json"": ""[]""}"
1779381656402,system,rss_memory_mb,97.695,,{}
1779381656402,system,thread_count,2.0,,{}
1779381656402,system,sqlite_size_mb,1885.357,,{}
1779381671427,runtime,uptime_seconds,1141.903,,{}
1779381671427,runtime,runtime_profile,,dry_run,{}
1779381671427,runtime,process_start_ts,1779380529.0,,{}
1779381671427,runtime,process_start_ts_ms,1779380529524.0,,{}
1779381671427,runtime,pid,42498.0,,{}
1779381671427,runtime,heartbeat_age_seconds,0.001,,{}
1779381671427,market_data,ws_connected,0.0,,{}
1779381671427,market_data,ws_disconnect_count,0.0,,{}
1779381671427,market_data,poll_ok,2796.0,,{}
1779381671427,market_data,poll_err,0.0,,{}
1779381671427,market_data,poll_backoff_s,0.0,,{}
1779381671427,market_data,active_symbols,3.0,,{}
1779381671427,market_data,ready_symbols,3.0,,{}
1779381671427,market_data,ready_symbol_list,,,"{""value_json"": ""[\""BNBUSDT\"", \""BTCUSDT\"", \""ETHUSDT\""]""}"
1779381671427,market_data,stale_symbols,,,"{""value_json"": ""[]""}"
1779381671427,market_data,stale_global,0.0,,{}
1779381671427,ml,feature_updates,2736.0,,{}
1779381671427,ml,prediction_count,0.0,,{}
1779381671427,ml,candidate_count,2.0,,{}
1779381671427,ml,ranking_count,1.0,,{}
1779381671427,ml,signal_count,0.0,,{}
1779381671427,ml,inference_failures,0.0,,{}
1779381671427,ml,fallback_predictions,0.0,,{}
1779381671427,ml,last_refresh_ts_ms,,,{}
1779381671427,ml,last_ranking_ts_ms,1779381652000.0,,{}
1779381671427,ml,top_symbols,,,"{""value_json"": ""[\""BTCUSDT\""]""}"
1779381671427,ml,shadow_prediction_count,31.0,,{}
1779381671427,ml,shadow_candidate_count,31.0,,{}
1779381671427,ml,shadow_signal_count,0.0,,{}
1779381671427,ml,shadow_would_trade_count,0.0,,{}
1779381671427,ml,shadow_blocked_execution_count,0.0,,{}
1779381671427,ml,parity_check_count,0.0,,{}
1779381671427,ml,parity_failure_count,0.0,,{}
1779381671427,execution,fills,0.0,,{}
1779381671427,execution,open_positions,0.0,,{}
1779381671427,execution,exposure,0.0,,{}
1779381671427,execution,realized_pnl,0.0,,{}
1779381671427,execution,unrealized_pnl,0.0,,{}
1779381671427,execution,equity,100.0,,{}
1779381671427,execution,cash,100.0,,{}
1779381671427,execution,rejected_orders,0.0,,{}
1779381671427,execution,open_orders,0.0,,{}
1779381671427,execution,broker_realized_pnl,0.0,,{}
1779381671427,execution,broker_trades,0.0,,{}
1779381671427,execution,broker_wins,0.0,,{}
1779381671427,execution,broker_losses,0.0,,{}
1779381671427,execution,broker_win_rate,0.0,,{}
1779381671427,execution,broker_avg_hold_s,0.0,,{}
1779381671427,execution,broker_current_losing_streak,0.0,,{}
1779381671427,execution,broker_worst_losing_streak,0.0,,{}
1779381671427,execution,broker_open_orders,0.0,,{}
1779381671427,execution,broker_broker_mode,,live_alpaca,{}
1779381671427,safety,safe_mode,0.0,,{}
1779381671427,safety,kill_switch,0.0,,{}
1779381671427,safety,runtime_health_status,,OK,{}
1779381671427,safety,api_errors,0.0,,{}
1779381671427,safety,order_rejections,0.0,,{}
1779381671427,safety,stale_data_violations,0.0,,{}
1779381671427,safety,health_messages,,,"{""value_json"": ""[]""}"
1779381671427,system,rss_memory_mb,97.695,,{}
1779381671427,system,thread_count,2.0,,{}
1779381671427,system,sqlite_size_mb,1885.357,,{}
1779381686445,runtime,uptime_seconds,1156.921,,{}
1779381686445,runtime,runtime_profile,,dry_run,{}
1779381686445,runtime,process_start_ts,1779380529.0,,{}
1779381686445,runtime,process_start_ts_ms,1779380529524.0,,{}
1779381686445,runtime,pid,42498.0,,{}
1779381686445,runtime,heartbeat_age_seconds,5.005,,{}
1779381686445,market_data,ws_connected,0.0,,{}
1779381686445,market_data,ws_disconnect_count,0.0,,{}
1779381686445,market_data,poll_ok,2830.0,,{}
1779381686445,market_data,poll_err,0.0,,{}
1779381686445,market_data,poll_backoff_s,0.0,,{}
1779381686445,market_data,active_symbols,3.0,,{}
1779381686445,market_data,ready_symbols,3.0,,{}
1779381686445,market_data,ready_symbol_list,,,"{""value_json"": ""[\""BNBUSDT\"", \""BTCUSDT\"", \""ETHUSDT\""]""}"
1779381686445,market_data,stale_symbols,,,"{""value_json"": ""[]""}"
1779381686445,market_data,stale_global,0.0,,{}
1779381686445,ml,feature_updates,2770.0,,{}
1779381686445,ml,prediction_count,0.0,,{}
1779381686445,ml,candidate_count,2.0,,{}
1779381686445,ml,ranking_count,1.0,,{}
1779381686445,ml,signal_count,0.0,,{}
1779381686445,ml,inference_failures,0.0,,{}
1779381686445,ml,fallback_predictions,0.0,,{}
1779381686445,ml,last_refresh_ts_ms,,,{}
1779381686445,ml,last_ranking_ts_ms,1779381652000.0,,{}
1779381686445,ml,top_symbols,,,"{""value_json"": ""[\""BTCUSDT\""]""}"
1779381686445,ml,shadow_prediction_count,31.0,,{}
1779381686445,ml,shadow_candidate_count,31.0,,{}
1779381686445,ml,shadow_signal_count,0.0,,{}
1779381686445,ml,shadow_would_trade_count,0.0,,{}
1779381686445,ml,shadow_blocked_execution_count,0.0,,{}
1779381686445,ml,parity_check_count,0.0,,{}
1779381686445,ml,parity_failure_count,0.0,,{}
1779381686445,execution,fills,0.0,,{}
1779381686445,execution,open_positions,0.0,,{}
1779381686445,execution,exposure,0.0,,{}
1779381686445,execution,realized_pnl,0.0,,{}
1779381686445,execution,unrealized_pnl,0.0,,{}
1779381686445,execution,equity,100.0,,{}
1779381686445,execution,cash,100.0,,{}
1779381686445,execution,rejected_orders,0.0,,{}
1779381686445,execution,open_orders,0.0,,{}
1779381686445,execution,broker_realized_pnl,0.0,,{}
1779381686445,execution,broker_trades,0.0,,{}
1779381686445,execution,broker_wins,0.0,,{}
1779381686445,execution,broker_losses,0.0,,{}
1779381686445,execution,broker_win_rate,0.0,,{}
1779381686445,execution,broker_avg_hold_s,0.0,,{}
1779381686445,execution,broker_current_losing_streak,0.0,,{}
1779381686445,execution,broker_worst_losing_streak,0.0,,{}
1779381686445,execution,broker_open_orders,0.0,,{}
1779381686445,execution,broker_broker_mode,,live_alpaca,{}
1779381686445,safety,safe_mode,0.0,,{}
1779381686445,safety,kill_switch,0.0,,{}
1779381686445,safety,runtime_health_status,,OK,{}
1779381686445,safety,api_errors,0.0,,{}
1779381686445,safety,order_rejections,0.0,,{}
1779381686445,safety,stale_data_violations,0.0,,{}
1779381686445,safety,health_messages,,,"{""value_json"": ""[]""}"
1779381686445,system,rss_memory_mb,97.695,,{}
1779381686445,system,thread_count,2.0,,{}
1779381686445,system,sqlite_size_mb,1885.357,,{}
1779381701463,runtime,uptime_seconds,1171.939,,{}
1779381701463,runtime,runtime_profile,,dry_run,{}
1779381701463,runtime,process_start_ts,1779380529.0,,{}
1779381701463,runtime,process_start_ts_ms,1779380529524.0,,{}
1779381701463,runtime,pid,42498.0,,{}
1779381701463,runtime,heartbeat_age_seconds,0.0,,{}
1779381701463,market_data,ws_connected,0.0,,{}
1779381701463,market_data,ws_disconnect_count,0.0,,{}
1779381701463,market_data,poll_ok,2865.0,,{}
1779381701463,market_data,poll_err,0.0,,{}
1779381701463,market_data,poll_backoff_s,0.0,,{}
1779381701463,market_data,active_symbols,3.0,,{}
1779381701463,market_data,ready_symbols,3.0,,{}
1779381701463,market_data,ready_symbol_list,,,"{""value_json"": ""[\""BNBUSDT\"", \""BTCUSDT\"", \""ETHUSDT\""]""}"
1779381701463,market_data,stale_symbols,,,"{""value_json"": ""[]""}"
1779381701463,market_data,stale_global,0.0,,{}
1779381701463,ml,feature_updates,2805.0,,{}
1779381701463,ml,prediction_count,0.0,,{}
1779381701463,ml,candidate_count,2.0,,{}
1779381701463,ml,ranking_count,1.0,,{}
1779381701463,ml,signal_count,0.0,,{}
1779381701463,ml,inference_failures,0.0,,{}
1779381701463,ml,fallback_predictions,0.0,,{}
1779381701463,ml,last_refresh_ts_ms,,,{}
1779381701463,ml,last_ranking_ts_ms,1779381652000.0,,{}
1779381701463,ml,top_symbols,,,"{""value_json"": ""[\""BTCUSDT\""]""}"
1779381701463,ml,shadow_prediction_count,31.0,,{}
1779381701463,ml,shadow_candidate_count,31.0,,{}
1779381701463,ml,shadow_signal_count,0.0,,{}
1779381701463,ml,shadow_would_trade_count,0.0,,{}
1779381701463,ml,shadow_blocked_execution_count,0.0,,{}
1779381701463,ml,parity_check_count,0.0,,{}
1779381701463,ml,parity_failure_count,0.0,,{}
1779381701463,execution,fills,0.0,,{}
1779381701463,execution,open_positions,0.0,,{}
1779381701463,execution,exposure,0.0,,{}
1779381701463,execution,realized_pnl,0.0,,{}
1779381701463,execution,unrealized_pnl,0.0,,{}
1779381701463,execution,equity,100.0,,{}
1779381701463,execution,cash,100.0,,{}
1779381701463,execution,rejected_orders,0.0,,{}
1779381701463,execution,open_orders,0.0,,{}
1779381701463,execution,broker_realized_pnl,0.0,,{}
1779381701463,execution,broker_trades,0.0,,{}
1779381701463,execution,broker_wins,0.0,,{}
1779381701463,execution,broker_losses,0.0,,{}
1779381701463,execution,broker_win_rate,0.0,,{}
1779381701463,execution,broker_avg_hold_s,0.0,,{}
1779381701463,execution,broker_current_losing_streak,0.0,,{}
1779381701463,execution,broker_worst_losing_streak,0.0,,{}
1779381701463,execution,broker_open_orders,0.0,,{}
1779381701463,execution,broker_broker_mode,,live_alpaca,{}
1779381701463,safety,safe_mode,0.0,,{}
1779381701463,safety,kill_switch,0.0,,{}
1779381701463,safety,runtime_health_status,,OK,{}
1779381701463,safety,api_errors,0.0,,{}
1779381701463,safety,order_rejections,0.0,,{}
1779381701463,safety,stale_data_violations,0.0,,{}
1779381701463,safety,health_messages,,,"{""value_json"": ""[]""}"
1779381701463,system,rss_memory_mb,97.695,,{}
1779381701463,system,thread_count,2.0,,{}
1779381701463,system,sqlite_size_mb,1885.357,,{}
1779381716489,runtime,uptime_seconds,1186.965,,{}
1779381716489,runtime,runtime_profile,,dry_run,{}
1779381716489,runtime,process_start_ts,1779380529.0,,{}
1779381716489,runtime,process_start_ts_ms,1779380529524.0,,{}
1779381716489,runtime,pid,42498.0,,{}
1779381716489,runtime,heartbeat_age_seconds,5.006,,{}
1779381716489,market_data,ws_connected,0.0,,{}
1779381716489,market_data,ws_disconnect_count,0.0,,{}
1779381716489,market_data,poll_ok,2904.0,,{}
1779381716489,market_data,poll_err,0.0,,{}
1779381716489,market_data,poll_backoff_s,0.0,,{}
1779381716489,market_data,active_symbols,3.0,,{}
1779381716489,market_data,ready_symbols,3.0,,{}
1779381716489,market_data,ready_symbol_list,,,"{""value_json"": ""[\""BNBUSDT\"", \""BTCUSDT\"", \""ETHUSDT\""]""}"
1779381716489,market_data,stale_symbols,,,"{""value_json"": ""[]""}"
1779381716489,market_data,stale_global,0.0,,{}
1779381716489,ml,feature_updates,2843.0,,{}
1779381716489,ml,prediction_count,0.0,,{}
1779381716489,ml,candidate_count,2.0,,{}
1779381716489,ml,ranking_count,1.0,,{}
1779381716489,ml,signal_count,0.0,,{}
1779381716489,ml,inference_failures,0.0,,{}
1779381716489,ml,fallback_predictions,0.0,,{}
1779381716489,ml,last_refresh_ts_ms,,,{}
1779381716489,ml,last_ranking_ts_ms,1779381712000.0,,{}
1779381716489,ml,top_symbols,,,"{""value_json"": ""[\""ETHUSDT\""]""}"
1779381716489,ml,shadow_prediction_count,33.0,,{}
1779381716489,ml,shadow_candidate_count,33.0,,{}
1779381716489,ml,shadow_signal_count,0.0,,{}
1779381716489,ml,shadow_would_trade_count,0.0,,{}
1779381716489,ml,shadow_blocked_execution_count,0.0,,{}
1779381716489,ml,parity_check_count,0.0,,{}
1779381716489,ml,parity_failure_count,0.0,,{}
1779381716489,execution,fills,0.0,,{}
1779381716489,execution,open_positions,0.0,,{}
1779381716489,execution,exposure,0.0,,{}
1779381716489,execution,realized_pnl,0.0,,{}
1779381716489,execution,unrealized_pnl,0.0,,{}
1779381716489,execution,equity,100.0,,{}
1779381716489,execution,cash,100.0,,{}
1779381716489,execution,rejected_orders,0.0,,{}
1779381716489,execution,open_orders,0.0,,{}
1779381716489,execution,broker_realized_pnl,0.0,,{}
1779381716489,execution,broker_trades,0.0,,{}
1779381716489,execution,broker_wins,0.0,,{}
1779381716489,execution,broker_losses,0.0,,{}
1779381716489,execution,broker_win_rate,0.0,,{}
1779381716489,execution,broker_avg_hold_s,0.0,,{}
1779381716489,execution,broker_current_losing_streak,0.0,,{}
1779381716489,execution,broker_worst_losing_streak,0.0,,{}
1779381716489,execution,broker_open_orders,0.0,,{}
1779381716489,execution,broker_broker_mode,,live_alpaca,{}
1779381716489,safety,safe_mode,0.0,,{}
1779381716489,safety,kill_switch,0.0,,{}
1779381716489,safety,runtime_health_status,,OK,{}
1779381716489,safety,api_errors,0.0,,{}
1779381716489,safety,order_rejections,0.0,,{}
1779381716489,safety,stale_data_violations,0.0,,{}
1779381716489,safety,health_messages,,,"{""value_json"": ""[]""}"
1779381716489,system,rss_memory_mb,97.695,,{}
1779381716489,system,thread_count,2.0,,{}
1779381716489,system,sqlite_size_mb,1885.4,,{}
1779381731518,runtime,uptime_seconds,1201.995,,{}
1779381731518,runtime,runtime_profile,,dry_run,{}
1779381731518,runtime,process_start_ts,1779380529.0,,{}
1779381731518,runtime,process_start_ts_ms,1779380529524.0,,{}
1779381731518,runtime,pid,42498.0,,{}
1779381731518,runtime,heartbeat_age_seconds,0.0,,{}
1779381731518,market_data,ws_connected,0.0,,{}
1779381731518,market_data,ws_disconnect_count,0.0,,{}
1779381731518,market_data,poll_ok,2943.0,,{}
1779381731518,market_data,poll_err,0.0,,{}
1779381731518,market_data,poll_backoff_s,0.0,,{}
1779381731518,market_data,active_symbols,3.0,,{}
1779381731518,market_data,ready_symbols,3.0,,{}
1779381731518,market_data,ready_symbol_list,,,"{""value_json"": ""[\""BNBUSDT\"", \""BTCUSDT\"", \""ETHUSDT\""]""}"
1779381731518,market_data,stale_symbols,,,"{""value_json"": ""[]""}"
1779381731518,market_data,stale_global,0.0,,{}
1779381731518,ml,feature_updates,2881.0,,{}
1779381731518,ml,prediction_count,0.0,,{}
1779381731518,ml,candidate_count,2.0,,{}
1779381731518,ml,ranking_count,1.0,,{}
1779381731518,ml,signal_count,0.0,,{}
1779381731518,ml,inference_failures,0.0,,{}
1779381731518,ml,fallback_predictions,0.0,,{}
1779381731518,ml,last_refresh_ts_ms,,,{}
1779381731518,ml,last_ranking_ts_ms,1779381712000.0,,{}
1779381731518,ml,top_symbols,,,"{""value_json"": ""[\""ETHUSDT\""]""}"
1779381731518,ml,shadow_prediction_count,33.0,,{}
1779381731518,ml,shadow_candidate_count,33.0,,{}
1779381731518,ml,shadow_signal_count,0.0,,{}
1779381731518,ml,shadow_would_trade_count,0.0,,{}
1779381731518,ml,shadow_blocked_execution_count,0.0,,{}
1779381731518,ml,parity_check_count,0.0,,{}
1779381731518,ml,parity_failure_count,0.0,,{}
1779381731518,execution,fills,0.0,,{}
1779381731518,execution,open_positions,0.0,,{}
1779381731518,execution,exposure,0.0,,{}
1779381731518,execution,realized_pnl,0.0,,{}
1779381731518,execution,unrealized_pnl,0.0,,{}
1779381731518,execution,equity,100.0,,{}
1779381731518,execution,cash,100.0,,{}
1779381731518,execution,rejected_orders,0.0,,{}
1779381731518,execution,open_orders,0.0,,{}
1779381731518,execution,broker_realized_pnl,0.0,,{}
1779381731518,execution,broker_trades,0.0,,{}
1779381731518,execution,broker_wins,0.0,,{}
1779381731518,execution,broker_losses,0.0,,{}
1779381731518,execution,broker_win_rate,0.0,,{}
1779381731518,execution,broker_avg_hold_s,0.0,,{}
1779381731518,execution,broker_current_losing_streak,0.0,,{}
1779381731518,execution,broker_worst_losing_streak,0.0,,{}
1779381731518,execution,broker_open_orders,0.0,,{}
1779381731518,execution,broker_broker_mode,,live_alpaca,{}
1779381731518,safety,safe_mode,0.0,,{}
1779381731518,safety,kill_switch,0.0,,{}
1779381731518,safety,runtime_health_status,,OK,{}
1779381731518,safety,api_errors,0.0,,{}
1779381731518,safety,order_rejections,0.0,,{}
1779381731518,safety,stale_data_violations,0.0,,{}
1779381731518,safety,health_messages,,,"{""value_json"": ""[]""}"
1779381731518,system,rss_memory_mb,97.695,,{}
1779381731518,system,thread_count,2.0,,{}
1779381731518,system,sqlite_size_mb,1885.4,,{}
1779381746539,runtime,uptime_seconds,1217.016,,{}
1779381746539,runtime,runtime_profile,,dry_run,{}
1779381746539,runtime,process_start_ts,1779380529.0,,{}
1779381746539,runtime,process_start_ts_ms,1779380529524.0,,{}
1779381746539,runtime,pid,42498.0,,{}
1779381746539,runtime,heartbeat_age_seconds,5.01,,{}
1779381746539,market_data,ws_connected,0.0,,{}
1779381746539,market_data,ws_disconnect_count,0.0,,{}
1779381746539,market_data,poll_ok,2980.0,,{}
1779381746539,market_data,poll_err,0.0,,{}
1779381746539,market_data,poll_backoff_s,0.0,,{}
1779381746539,market_data,active_symbols,3.0,,{}
1779381746539,market_data,ready_symbols,3.0,,{}
1779381746539,market_data,ready_symbol_list,,,"{""value_json"": ""[\""BNBUSDT\"", \""BTCUSDT\"", \""ETHUSDT\""]""}"
1779381746539,market_data,stale_symbols,,,"{""value_json"": ""[]""}"
1779381746539,market_data,stale_global,0.0,,{}
1779381746539,ml,feature_updates,2918.0,,{}
1779381746539,ml,prediction_count,0.0,,{}
1779381746539,ml,candidate_count,2.0,,{}
1779381746539,ml,ranking_count,1.0,,{}
1779381746539,ml,signal_count,0.0,,{}
1779381746539,ml,inference_failures,0.0,,{}
1779381746539,ml,fallback_predictions,0.0,,{}
1779381746539,ml,last_refresh_ts_ms,,,{}
1779381746539,ml,last_ranking_ts_ms,1779381712000.0,,{}
1779381746539,ml,top_symbols,,,"{""value_json"": ""[\""ETHUSDT\""]""}"
1779381746539,ml,shadow_prediction_count,33.0,,{}
1779381746539,ml,shadow_candidate_count,33.0,,{}
1779381746539,ml,shadow_signal_count,0.0,,{}
1779381746539,ml,shadow_would_trade_count,0.0,,{}
1779381746539,ml,shadow_blocked_execution_count,0.0,,{}
1779381746539,ml,parity_check_count,0.0,,{}
1779381746539,ml,parity_failure_count,0.0,,{}
1779381746539,execution,fills,0.0,,{}
1779381746539,execution,open_positions,0.0,,{}
1779381746539,execution,exposure,0.0,,{}
1779381746539,execution,realized_pnl,0.0,,{}
1779381746539,execution,unrealized_pnl,0.0,,{}
1779381746539,execution,equity,100.0,,{}
1779381746539,execution,cash,100.0,,{}
1779381746539,execution,rejected_orders,0.0,,{}
1779381746539,execution,open_orders,0.0,,{}
1779381746539,execution,broker_realized_pnl,0.0,,{}
1779381746539,execution,broker_trades,0.0,,{}
1779381746539,execution,broker_wins,0.0,,{}
1779381746539,execution,broker_losses,0.0,,{}
1779381746539,execution,broker_win_rate,0.0,,{}
1779381746539,execution,broker_avg_hold_s,0.0,,{}
1779381746539,execution,broker_current_losing_streak,0.0,,{}
1779381746539,execution,broker_worst_losing_streak,0.0,,{}
1779381746539,execution,broker_open_orders,0.0,,{}
1779381746539,execution,broker_broker_mode,,live_alpaca,{}
1779381746539,safety,safe_mode,0.0,,{}
1779381746539,safety,kill_switch,0.0,,{}
1779381746539,safety,runtime_health_status,,OK,{}
1779381746539,safety,api_errors,0.0,,{}
1779381746539,safety,order_rejections,0.0,,{}
1779381746539,safety,stale_data_violations,0.0,,{}
1779381746539,safety,health_messages,,,"{""value_json"": ""[]""}"
1779381746539,system,rss_memory_mb,97.695,,{}
1779381746539,system,thread_count,2.0,,{}
1779381746539,system,sqlite_size_mb,1885.4,,{}
1779381761570,runtime,uptime_seconds,1232.047,,{}
1779381761570,runtime,runtime_profile,,dry_run,{}
1779381761570,runtime,process_start_ts,1779380529.0,,{}
1779381761570,runtime,process_start_ts_ms,1779380529524.0,,{}
1779381761570,runtime,pid,42498.0,,{}
1779381761570,runtime,heartbeat_age_seconds,0.0,,{}
1779381761570,market_data,ws_connected,0.0,,{}
1779381761570,market_data,ws_disconnect_count,0.0,,{}
1779381761570,market_data,poll_ok,3020.0,,{}
1779381761570,market_data,poll_err,0.0,,{}
1779381761570,market_data,poll_backoff_s,0.0,,{}
1779381761570,market_data,active_symbols,3.0,,{}
1779381761570,market_data,ready_symbols,3.0,,{}
1779381761570,market_data,ready_symbol_list,,,"{""value_json"": ""[\""BNBUSDT\"", \""BTCUSDT\"", \""ETHUSDT\""]""}"
1779381761570,market_data,stale_symbols,,,"{""value_json"": ""[]""}"
1779381761570,market_data,stale_global,0.0,,{}
1779381761570,ml,feature_updates,2958.0,,{}
1779381761570,ml,prediction_count,0.0,,{}
1779381761570,ml,candidate_count,2.0,,{}
1779381761570,ml,ranking_count,1.0,,{}
1779381761570,ml,signal_count,0.0,,{}
1779381761570,ml,inference_failures,0.0,,{}
1779381761570,ml,fallback_predictions,0.0,,{}
1779381761570,ml,last_refresh_ts_ms,,,{}
1779381761570,ml,last_ranking_ts_ms,1779381712000.0,,{}
1779381761570,ml,top_symbols,,,"{""value_json"": ""[\""ETHUSDT\""]""}"
1779381761570,ml,shadow_prediction_count,33.0,,{}
1779381761570,ml,shadow_candidate_count,33.0,,{}
1779381761570,ml,shadow_signal_count,0.0,,{}
1779381761570,ml,shadow_would_trade_count,0.0,,{}
1779381761570,ml,shadow_blocked_execution_count,0.0,,{}
1779381761570,ml,parity_check_count,0.0,,{}
1779381761570,ml,parity_failure_count,0.0,,{}
1779381761570,execution,fills,0.0,,{}
1779381761570,execution,open_positions,0.0,,{}
1779381761570,execution,exposure,0.0,,{}
1779381761570,execution,realized_pnl,0.0,,{}
1779381761570,execution,unrealized_pnl,0.0,,{}
1779381761570,execution,equity,100.0,,{}
1779381761570,execution,cash,100.0,,{}
1779381761570,execution,rejected_orders,0.0,,{}
1779381761570,execution,open_orders,0.0,,{}
1779381761570,execution,broker_realized_pnl,0.0,,{}
1779381761570,execution,broker_trades,0.0,,{}
1779381761570,execution,broker_wins,0.0,,{}
1779381761570,execution,broker_losses,0.0,,{}
1779381761570,execution,broker_win_rate,0.0,,{}
1779381761570,execution,broker_avg_hold_s,0.0,,{}
1779381761570,execution,broker_current_losing_streak,0.0,,{}
1779381761570,execution,broker_worst_losing_streak,0.0,,{}
1779381761570,execution,broker_open_orders,0.0,,{}
1779381761570,execution,broker_broker_mode,,live_alpaca,{}
1779381761570,safety,safe_mode,0.0,,{}
1779381761570,safety,kill_switch,0.0,,{}
1779381761570,safety,runtime_health_status,,OK,{}
1779381761570,safety,api_errors,0.0,,{}
1779381761570,safety,order_rejections,0.0,,{}
1779381761570,safety,stale_data_violations,0.0,,{}
1779381761570,safety,health_messages,,,"{""value_json"": ""[]""}"
1779381761570,system,rss_memory_mb,97.695,,{}
1779381761570,system,thread_count,2.0,,{}
1779381761570,system,sqlite_size_mb,1885.4,,{}
1779381776594,runtime,uptime_seconds,1247.07,,{}
1779381776594,runtime,runtime_profile,,dry_run,{}
1779381776594,runtime,process_start_ts,1779380529.0,,{}
1779381776594,runtime,process_start_ts_ms,1779380529524.0,,{}
1779381776594,runtime,pid,42498.0,,{}
1779381776594,runtime,heartbeat_age_seconds,5.004,,{}
1779381776594,market_data,ws_connected,0.0,,{}
1779381776594,market_data,ws_disconnect_count,0.0,,{}
1779381776594,market_data,poll_ok,3063.0,,{}
1779381776594,market_data,poll_err,0.0,,{}
1779381776594,market_data,poll_backoff_s,0.0,,{}
1779381776594,market_data,active_symbols,3.0,,{}
1779381776594,market_data,ready_symbols,3.0,,{}
1779381776594,market_data,ready_symbol_list,,,"{""value_json"": ""[\""BNBUSDT\"", \""BTCUSDT\"", \""ETHUSDT\""]""}"
1779381776594,market_data,stale_symbols,,,"{""value_json"": ""[]""}"
1779381776594,market_data,stale_global,0.0,,{}
1779381776594,ml,feature_updates,3001.0,,{}
1779381776594,ml,prediction_count,0.0,,{}
1779381776594,ml,candidate_count,2.0,,{}
1779381776594,ml,ranking_count,1.0,,{}
1779381776594,ml,signal_count,0.0,,{}
1779381776594,ml,inference_failures,0.0,,{}
1779381776594,ml,fallback_predictions,0.0,,{}
1779381776594,ml,last_refresh_ts_ms,,,{}
1779381776594,ml,last_ranking_ts_ms,1779381772000.0,,{}
1779381776594,ml,top_symbols,,,"{""value_json"": ""[\""BTCUSDT\""]""}"
1779381776594,ml,shadow_prediction_count,35.0,,{}
1779381776594,ml,shadow_candidate_count,35.0,,{}
1779381776594,ml,shadow_signal_count,0.0,,{}
1779381776594,ml,shadow_would_trade_count,0.0,,{}
1779381776594,ml,shadow_blocked_execution_count,0.0,,{}
1779381776594,ml,parity_check_count,0.0,,{}
1779381776594,ml,parity_failure_count,0.0,,{}
1779381776594,execution,fills,0.0,,{}
1779381776594,execution,open_positions,0.0,,{}
1779381776594,execution,exposure,0.0,,{}
1779381776594,execution,realized_pnl,0.0,,{}
1779381776594,execution,unrealized_pnl,0.0,,{}
1779381776594,execution,equity,100.0,,{}
1779381776594,execution,cash,100.0,,{}
1779381776594,execution,rejected_orders,0.0,,{}
1779381776594,execution,open_orders,0.0,,{}
1779381776594,execution,broker_realized_pnl,0.0,,{}
1779381776594,execution,broker_trades,0.0,,{}
1779381776594,execution,broker_wins,0.0,,{}
1779381776594,execution,broker_losses,0.0,,{}
1779381776594,execution,broker_win_rate,0.0,,{}
1779381776594,execution,broker_avg_hold_s,0.0,,{}
1779381776594,execution,broker_current_losing_streak,0.0,,{}
1779381776594,execution,broker_worst_losing_streak,0.0,,{}
1779381776594,execution,broker_open_orders,0.0,,{}
1779381776594,execution,broker_broker_mode,,live_alpaca,{}
1779381776594,safety,safe_mode,0.0,,{}
1779381776594,safety,kill_switch,0.0,,{}
1779381776594,safety,runtime_health_status,,OK,{}
1779381776594,safety,api_errors,0.0,,{}
1779381776594,safety,order_rejections,0.0,,{}
1779381776594,safety,stale_data_violations,0.0,,{}
1779381776594,safety,health_messages,,,"{""value_json"": ""[]""}"
1779381776594,system,rss_memory_mb,97.695,,{}
1779381776594,system,thread_count,2.0,,{}
1779381776594,system,sqlite_size_mb,1885.45,,{}
1779381791610,runtime,uptime_seconds,1262.086,,{}
1779381791610,runtime,runtime_profile,,dry_run,{}
1779381791610,runtime,process_start_ts,1779380529.0,,{}
1779381791610,runtime,process_start_ts_ms,1779380529524.0,,{}
1779381791610,runtime,pid,42498.0,,{}
1779381791610,runtime,heartbeat_age_seconds,0.0,,{}
1779381791610,market_data,ws_connected,0.0,,{}
1779381791610,market_data,ws_disconnect_count,0.0,,{}
1779381791610,market_data,poll_ok,3102.0,,{}
1779381791610,market_data,poll_err,0.0,,{}
1779381791610,market_data,poll_backoff_s,0.0,,{}
1779381791610,market_data,active_symbols,3.0,,{}
1779381791610,market_data,ready_symbols,3.0,,{}
1779381791610,market_data,ready_symbol_list,,,"{""value_json"": ""[\""BNBUSDT\"", \""BTCUSDT\"", \""ETHUSDT\""]""}"
1779381791610,market_data,stale_symbols,,,"{""value_json"": ""[]""}"
1779381791610,market_data,stale_global,0.0,,{}
1779381791610,ml,feature_updates,3039.0,,{}
1779381791610,ml,prediction_count,0.0,,{}
1779381791610,ml,candidate_count,2.0,,{}
1779381791610,ml,ranking_count,1.0,,{}
1779381791610,ml,signal_count,0.0,,{}
1779381791610,ml,inference_failures,0.0,,{}
1779381791610,ml,fallback_predictions,0.0,,{}
1779381791610,ml,last_refresh_ts_ms,,,{}
1779381791610,ml,last_ranking_ts_ms,1779381772000.0,,{}
1779381791610,ml,top_symbols,,,"{""value_json"": ""[\""BTCUSDT\""]""}"
1779381791610,ml,shadow_prediction_count,35.0,,{}
1779381791610,ml,shadow_candidate_count,35.0,,{}
1779381791610,ml,shadow_signal_count,0.0,,{}
1779381791610,ml,shadow_would_trade_count,0.0,,{}
1779381791610,ml,shadow_blocked_execution_count,0.0,,{}
1779381791610,ml,parity_check_count,0.0,,{}
1779381791610,ml,parity_failure_count,0.0,,{}
1779381791610,execution,fills,0.0,,{}
1779381791610,execution,open_positions,0.0,,{}
1779381791610,execution,exposure,0.0,,{}
1779381791610,execution,realized_pnl,0.0,,{}
1779381791610,execution,unrealized_pnl,0.0,,{}
1779381791610,execution,equity,100.0,,{}
1779381791610,execution,cash,100.0,,{}
1779381791610,execution,rejected_orders,0.0,,{}
1779381791610,execution,open_orders,0.0,,{}
1779381791610,execution,broker_realized_pnl,0.0,,{}
1779381791610,execution,broker_trades,0.0,,{}
1779381791610,execution,broker_wins,0.0,,{}
1779381791610,execution,broker_losses,0.0,,{}
1779381791610,execution,broker_win_rate,0.0,,{}
1779381791610,execution,broker_avg_hold_s,0.0,,{}
1779381791610,execution,broker_current_losing_streak,0.0,,{}
1779381791610,execution,broker_worst_losing_streak,0.0,,{}
1779381791610,execution,broker_open_orders,0.0,,{}
1779381791610,execution,broker_broker_mode,,live_alpaca,{}
1779381791610,safety,safe_mode,0.0,,{}
1779381791610,safety,kill_switch,0.0,,{}
1779381791610,safety,runtime_health_status,,OK,{}
1779381791610,safety,api_errors,0.0,,{}
1779381791610,safety,order_rejections,0.0,,{}
1779381791610,safety,stale_data_violations,0.0,,{}
1779381791610,safety,health_messages,,,"{""value_json"": ""[]""}"
1779381791610,system,rss_memory_mb,97.695,,{}
1779381791610,system,thread_count,2.0,,{}
1779381791610,system,sqlite_size_mb,1885.45,,{}
1779381806631,runtime,uptime_seconds,1277.108,,{}
1779381806631,runtime,runtime_profile,,dry_run,{}
1779381806631,runtime,process_start_ts,1779380529.0,,{}
1779381806631,runtime,process_start_ts_ms,1779380529524.0,,{}
1779381806631,runtime,pid,42498.0,,{}
1779381806631,runtime,heartbeat_age_seconds,5.005,,{}
1779381806631,market_data,ws_connected,0.0,,{}
1779381806631,market_data,ws_disconnect_count,0.0,,{}
1779381806631,market_data,poll_ok,3149.0,,{}
1779381806631,market_data,poll_err,0.0,,{}
1779381806631,market_data,poll_backoff_s,0.0,,{}
1779381806631,market_data,active_symbols,3.0,,{}
1779381806631,market_data,ready_symbols,3.0,,{}
1779381806631,market_data,ready_symbol_list,,,"{""value_json"": ""[\""BNBUSDT\"", \""BTCUSDT\"", \""ETHUSDT\""]""}"
1779381806631,market_data,stale_symbols,,,"{""value_json"": ""[]""}"
1779381806631,market_data,stale_global,0.0,,{}
1779381806631,ml,feature_updates,3081.0,,{}
1779381806631,ml,prediction_count,0.0,,{}
1779381806631,ml,candidate_count,2.0,,{}
1779381806631,ml,ranking_count,1.0,,{}
1779381806631,ml,signal_count,0.0,,{}
1779381806631,ml,inference_failures,0.0,,{}
1779381806631,ml,fallback_predictions,0.0,,{}
1779381806631,ml,last_refresh_ts_ms,,,{}
1779381806631,ml,last_ranking_ts_ms,1779381772000.0,,{}
1779381806631,ml,top_symbols,,,"{""value_json"": ""[\""BTCUSDT\""]""}"
1779381806631,ml,shadow_prediction_count,35.0,,{}
1779381806631,ml,shadow_candidate_count,35.0,,{}
1779381806631,ml,shadow_signal_count,0.0,,{}
1779381806631,ml,shadow_would_trade_count,0.0,,{}
1779381806631,ml,shadow_blocked_execution_count,0.0,,{}
1779381806631,ml,parity_check_count,0.0,,{}
1779381806631,ml,parity_failure_count,0.0,,{}
1779381806631,execution,fills,0.0,,{}
1779381806631,execution,open_positions,0.0,,{}
1779381806631,execution,exposure,0.0,,{}
1779381806631,execution,realized_pnl,0.0,,{}
1779381806631,execution,unrealized_pnl,0.0,,{}
1779381806631,execution,equity,100.0,,{}
1779381806631,execution,cash,100.0,,{}
1779381806631,execution,rejected_orders,0.0,,{}
1779381806631,execution,open_orders,0.0,,{}
1779381806631,execution,broker_realized_pnl,0.0,,{}
1779381806631,execution,broker_trades,0.0,,{}
1779381806631,execution,broker_wins,0.0,,{}
1779381806631,execution,broker_losses,0.0,,{}
1779381806631,execution,broker_win_rate,0.0,,{}
1779381806631,execution,broker_avg_hold_s,0.0,,{}
1779381806631,execution,broker_current_losing_streak,0.0,,{}
1779381806631,execution,broker_worst_losing_streak,0.0,,{}
1779381806631,execution,broker_open_orders,0.0,,{}
1779381806631,execution,broker_broker_mode,,live_alpaca,{}
1779381806631,safety,safe_mode,0.0,,{}
1779381806631,safety,kill_switch,0.0,,{}
1779381806631,safety,runtime_health_status,,OK,{}
1779381806631,safety,api_errors,0.0,,{}
1779381806631,safety,order_rejections,0.0,,{}
1779381806631,safety,stale_data_violations,0.0,,{}
1779381806631,safety,health_messages,,,"{""value_json"": ""[]""}"
1779381806631,system,rss_memory_mb,97.695,,{}
1779381806631,system,thread_count,2.0,,{}
1779381806631,system,sqlite_size_mb,1885.45,,{}
1779381821654,runtime,uptime_seconds,1292.13,,{}
1779381821654,runtime,runtime_profile,,dry_run,{}
1779381821654,runtime,process_start_ts,1779380529.0,,{}
1779381821654,runtime,process_start_ts_ms,1779380529524.0,,{}
1779381821654,runtime,pid,42498.0,,{}
1779381821654,runtime,heartbeat_age_seconds,0.001,,{}
1779381821654,market_data,ws_connected,0.0,,{}
1779381821654,market_data,ws_disconnect_count,0.0,,{}
1779381821654,market_data,poll_ok,3192.0,,{}
1779381821654,market_data,poll_err,0.0,,{}
1779381821654,market_data,poll_backoff_s,0.0,,{}
1779381821654,market_data,active_symbols,3.0,,{}
1779381821654,market_data,ready_symbols,3.0,,{}
1779381821654,market_data,ready_symbol_list,,,"{""value_json"": ""[\""BNBUSDT\"", \""BTCUSDT\"", \""ETHUSDT\""]""}"
1779381821654,market_data,stale_symbols,,,"{""value_json"": ""[]""}"
1779381821654,market_data,stale_global,0.0,,{}
1779381821654,ml,feature_updates,3122.0,,{}
1779381821654,ml,prediction_count,0.0,,{}
1779381821654,ml,candidate_count,2.0,,{}
1779381821654,ml,ranking_count,1.0,,{}
1779381821654,ml,signal_count,0.0,,{}
1779381821654,ml,inference_failures,0.0,,{}
1779381821654,ml,fallback_predictions,0.0,,{}
1779381821654,ml,last_refresh_ts_ms,,,{}
1779381821654,ml,last_ranking_ts_ms,1779381772000.0,,{}
1779381821654,ml,top_symbols,,,"{""value_json"": ""[\""BTCUSDT\""]""}"
1779381821654,ml,shadow_prediction_count,35.0,,{}
1779381821654,ml,shadow_candidate_count,35.0,,{}
1779381821654,ml,shadow_signal_count,0.0,,{}
1779381821654,ml,shadow_would_trade_count,0.0,,{}
1779381821654,ml,shadow_blocked_execution_count,0.0,,{}
1779381821654,ml,parity_check_count,0.0,,{}
1779381821654,ml,parity_failure_count,0.0,,{}
1779381821654,execution,fills,0.0,,{}
1779381821654,execution,open_positions,0.0,,{}
1779381821654,execution,exposure,0.0,,{}
1779381821654,execution,realized_pnl,0.0,,{}
1779381821654,execution,unrealized_pnl,0.0,,{}
1779381821654,execution,equity,100.0,,{}
1779381821654,execution,cash,100.0,,{}
1779381821654,execution,rejected_orders,0.0,,{}
1779381821654,execution,open_orders,0.0,,{}
1779381821654,execution,broker_realized_pnl,0.0,,{}
1779381821654,execution,broker_trades,0.0,,{}
1779381821654,execution,broker_wins,0.0,,{}
1779381821654,execution,broker_losses,0.0,,{}
1779381821654,execution,broker_win_rate,0.0,,{}
1779381821654,execution,broker_avg_hold_s,0.0,,{}
1779381821654,execution,broker_current_losing_streak,0.0,,{}
1779381821654,execution,broker_worst_losing_streak,0.0,,{}
1779381821654,execution,broker_open_orders,0.0,,{}
1779381821654,execution,broker_broker_mode,,live_alpaca,{}
1779381821654,safety,safe_mode,0.0,,{}
1779381821654,safety,kill_switch,0.0,,{}
1779381821654,safety,runtime_health_status,,OK,{}
1779381821654,safety,api_errors,0.0,,{}
1779381821654,safety,order_rejections,0.0,,{}
1779381821654,safety,stale_data_violations,0.0,,{}
1779381821654,safety,health_messages,,,"{""value_json"": ""[]""}"
1779381821654,system,rss_memory_mb,97.695,,{}
1779381821654,system,thread_count,2.0,,{}
1779381821654,system,sqlite_size_mb,1885.45,,{}
1779381836670,runtime,uptime_seconds,1307.147,,{}
1779381836670,runtime,runtime_profile,,dry_run,{}
1779381836670,runtime,process_start_ts,1779380529.0,,{}
1779381836670,runtime,process_start_ts_ms,1779380529524.0,,{}
1779381836670,runtime,pid,42498.0,,{}
1779381836670,runtime,heartbeat_age_seconds,5.005,,{}
1779381836670,market_data,ws_connected,0.0,,{}
1779381836670,market_data,ws_disconnect_count,0.0,,{}
1779381836670,market_data,poll_ok,3234.0,,{}
1779381836670,market_data,poll_err,0.0,,{}
1779381836670,market_data,poll_backoff_s,0.0,,{}
1779381836670,market_data,active_symbols,3.0,,{}
1779381836670,market_data,ready_symbols,3.0,,{}
1779381836670,market_data,ready_symbol_list,,,"{""value_json"": ""[\""BNBUSDT\"", \""BTCUSDT\"", \""ETHUSDT\""]""}"
1779381836670,market_data,stale_symbols,,,"{""value_json"": ""[]""}"
1779381836670,market_data,stale_global,0.0,,{}
1779381836670,ml,feature_updates,3164.0,,{}
1779381836670,ml,prediction_count,0.0,,{}
1779381836670,ml,candidate_count,2.0,,{}
1779381836670,ml,ranking_count,1.0,,{}
1779381836670,ml,signal_count,0.0,,{}
1779381836670,ml,inference_failures,0.0,,{}
1779381836670,ml,fallback_predictions,0.0,,{}
1779381836670,ml,last_refresh_ts_ms,,,{}
1779381836670,ml,last_ranking_ts_ms,1779381832000.0,,{}
1779381836670,ml,top_symbols,,,"{""value_json"": ""[\""ETHUSDT\""]""}"
1779381836670,ml,shadow_prediction_count,37.0,,{}
1779381836670,ml,shadow_candidate_count,37.0,,{}
1779381836670,ml,shadow_signal_count,0.0,,{}
1779381836670,ml,shadow_would_trade_count,0.0,,{}
1779381836670,ml,shadow_blocked_execution_count,0.0,,{}
1779381836670,ml,parity_check_count,0.0,,{}
1779381836670,ml,parity_failure_count,0.0,,{}
1779381836670,execution,fills,0.0,,{}
1779381836670,execution,open_positions,0.0,,{}
1779381836670,execution,exposure,0.0,,{}
1779381836670,execution,realized_pnl,0.0,,{}
1779381836670,execution,unrealized_pnl,0.0,,{}
1779381836670,execution,equity,100.0,,{}
1779381836670,execution,cash,100.0,,{}
1779381836670,execution,rejected_orders,0.0,,{}
1779381836670,execution,open_orders,0.0,,{}
1779381836670,execution,broker_realized_pnl,0.0,,{}
1779381836670,execution,broker_trades,0.0,,{}
1779381836670,execution,broker_wins,0.0,,{}
1779381836670,execution,broker_losses,0.0,,{}
1779381836670,execution,broker_win_rate,0.0,,{}
1779381836670,execution,broker_avg_hold_s,0.0,,{}
1779381836670,execution,broker_current_losing_streak,0.0,,{}
1779381836670,execution,broker_worst_losing_streak,0.0,,{}
1779381836670,execution,broker_open_orders,0.0,,{}
1779381836670,execution,broker_broker_mode,,live_alpaca,{}
1779381836670,safety,safe_mode,0.0,,{}
1779381836670,safety,kill_switch,0.0,,{}
1779381836670,safety,runtime_health_status,,OK,{}
1779381836670,safety,api_errors,0.0,,{}
1779381836670,safety,order_rejections,0.0,,{}
1779381836670,safety,stale_data_violations,0.0,,{}
1779381836670,safety,health_messages,,,"{""value_json"": ""[]""}"
1779381836670,system,rss_memory_mb,97.695,,{}
1779381836670,system,thread_count,2.0,,{}
1779381836670,system,sqlite_size_mb,1885.497,,{}
1779381851686,runtime,uptime_seconds,1322.163,,{}
1779381851686,runtime,runtime_profile,,dry_run,{}
1779381851686,runtime,process_start_ts,1779380529.0,,{}
1779381851686,runtime,process_start_ts_ms,1779380529524.0,,{}
1779381851686,runtime,pid,42498.0,,{}
1779381851686,runtime,heartbeat_age_seconds,0.0,,{}
1779381851686,market_data,ws_connected,0.0,,{}
1779381851686,market_data,ws_disconnect_count,0.0,,{}
1779381851686,market_data,poll_ok,3271.0,,{}
1779381851686,market_data,poll_err,0.0,,{}
1779381851686,market_data,poll_backoff_s,0.0,,{}
1779381851686,market_data,active_symbols,3.0,,{}
1779381851686,market_data,ready_symbols,3.0,,{}
1779381851686,market_data,ready_symbol_list,,,"{""value_json"": ""[\""BNBUSDT\"", \""BTCUSDT\"", \""ETHUSDT\""]""}"
1779381851686,market_data,stale_symbols,,,"{""value_json"": ""[]""}"
1779381851686,market_data,stale_global,0.0,,{}
1779381851686,ml,feature_updates,3201.0,,{}
1779381851686,ml,prediction_count,0.0,,{}
1779381851686,ml,candidate_count,2.0,,{}
1779381851686,ml,ranking_count,1.0,,{}
1779381851686,ml,signal_count,0.0,,{}
1779381851686,ml,inference_failures,0.0,,{}
1779381851686,ml,fallback_predictions,0.0,,{}
1779381851686,ml,last_refresh_ts_ms,,,{}
1779381851686,ml,last_ranking_ts_ms,1779381832000.0,,{}
1779381851686,ml,top_symbols,,,"{""value_json"": ""[\""ETHUSDT\""]""}"
1779381851686,ml,shadow_prediction_count,37.0,,{}
1779381851686,ml,shadow_candidate_count,37.0,,{}
1779381851686,ml,shadow_signal_count,0.0,,{}
1779381851686,ml,shadow_would_trade_count,0.0,,{}
1779381851686,ml,shadow_blocked_execution_count,0.0,,{}
1779381851686,ml,parity_check_count,0.0,,{}
1779381851686,ml,parity_failure_count,0.0,,{}
1779381851686,execution,fills,0.0,,{}
1779381851686,execution,open_positions,0.0,,{}
1779381851686,execution,exposure,0.0,,{}
1779381851686,execution,realized_pnl,0.0,,{}
1779381851686,execution,unrealized_pnl,0.0,,{}
1779381851686,execution,equity,100.0,,{}
1779381851686,execution,cash,100.0,,{}
1779381851686,execution,rejected_orders,0.0,,{}
1779381851686,execution,open_orders,0.0,,{}
1779381851686,execution,broker_realized_pnl,0.0,,{}
1779381851686,execution,broker_trades,0.0,,{}
1779381851686,execution,broker_wins,0.0,,{}
1779381851686,execution,broker_losses,0.0,,{}
1779381851686,execution,broker_win_rate,0.0,,{}
1779381851686,execution,broker_avg_hold_s,0.0,,{}
1779381851686,execution,broker_current_losing_streak,0.0,,{}
1779381851686,execution,broker_worst_losing_streak,0.0,,{}
1779381851686,execution,broker_open_orders,0.0,,{}
1779381851686,execution,broker_broker_mode,,live_alpaca,{}
1779381851686,safety,safe_mode,0.0,,{}
1779381851686,safety,kill_switch,0.0,,{}
1779381851686,safety,runtime_health_status,,OK,{}
1779381851686,safety,api_errors,0.0,,{}
1779381851686,safety,order_rejections,0.0,,{}
1779381851686,safety,stale_data_violations,0.0,,{}
1779381851686,safety,health_messages,,,"{""value_json"": ""[]""}"
1779381851686,system,rss_memory_mb,97.695,,{}
1779381851686,system,thread_count,2.0,,{}
1779381851686,system,sqlite_size_mb,1885.497,,{}
